Date,MSCI
02-January-2015,47.68999863
05-January-2015,47.24000168
06-January-2015,48.61000061
07-January-2015,49.72000122
08-January-2015,51.22000122
09-January-2015,51.97000122
12-January-2015,51.93999863
13-January-2015,54.04999924
14-January-2015,53.70000076
15-January-2015,52.90000153
16-January-2015,54.06000137
20-January-2015,53.70000076
21-January-2015,53.56999969
22-January-2015,54.36999893
23-January-2015,54.22000122
26-January-2015,54.54999924
27-January-2015,54.27999878
28-January-2015,53.88999939
29-January-2015,54.5
30-January-2015,53.81999969
02-February-2015,54.36000061
03-February-2015,54.83000183
04-February-2015,55.13000107
05-February-2015,55.5
06-February-2015,56.02999878
09-February-2015,56.90999985
10-February-2015,56.97999954
11-February-2015,56.58000183
12-February-2015,57.20000076
13-February-2015,57.20000076
17-February-2015,57.34999847
18-February-2015,57.31999969
19-February-2015,57.79999924
20-February-2015,58.02999878
23-February-2015,57.61000061
24-February-2015,57.65000153
25-February-2015,57.22999954
26-February-2015,56.79000092
27-February-2015,56.11000061
02-March-2015,57.56999969
03-March-2015,57.31999969
04-March-2015,56.77999878
05-March-2015,55.40000153
06-March-2015,55.45000076
09-March-2015,55.65999985
10-March-2015,54.72000122
11-March-2015,55.83000183
12-March-2015,57.18000031
13-March-2015,56.74000168
16-March-2015,57.90000153
17-March-2015,58.40999985
18-March-2015,58.70000076
19-March-2015,58.61999893
20-March-2015,59.68999863
23-March-2015,60.18000031
24-March-2015,59.77999878
25-March-2015,59.31999969
26-March-2015,59.81999969
27-March-2015,59.58000183
30-March-2015,60.91999817
31-March-2015,61.31000137
01-April-2015,61.04000092
02-April-2015,61.50999832
06-April-2015,62.11999893
07-April-2015,61.27999878
08-April-2015,61.83000183
09-April-2015,60.75
10-April-2015,60.59999847
13-April-2015,60.31999969
14-April-2015,61.06999969
15-April-2015,61
16-April-2015,61.20000076
17-April-2015,60.88999939
20-April-2015,60.93999863
21-April-2015,60.86999893
22-April-2015,61.59999847
23-April-2015,62.25
24-April-2015,62.74000168
27-April-2015,62.95999908
28-April-2015,62.93000031
29-April-2015,62.59999847
30-April-2015,61.18999863
01-May-2015,62.34999847
04-May-2015,62.41999817
05-May-2015,62.04000092
06-May-2015,61.45999908
07-May-2015,61.59999847
08-May-2015,62.09999847
11-May-2015,61.83000183
12-May-2015,61.36000061
13-May-2015,61.83000183
14-May-2015,62.56000137
15-May-2015,62.47999954
18-May-2015,63.54000092
19-May-2015,63.59999847
20-May-2015,63.13000107
21-May-2015,63.00999832
22-May-2015,63.41999817
26-May-2015,63.20000076
27-May-2015,62.68999863
28-May-2015,62.65000153
29-May-2015,62.04999924
01-June-2015,62.15000153
02-June-2015,62.18000031
03-June-2015,62.47999954
04-June-2015,62
05-June-2015,61.79999924
08-June-2015,61.38000107
09-June-2015,61.43000031
10-June-2015,61.72000122
11-June-2015,62
12-June-2015,61.88999939
15-June-2015,61.22000122
16-June-2015,61.70000076
17-June-2015,61.77999878
18-June-2015,61.95999908
19-June-2015,61.86999893
22-June-2015,62
23-June-2015,63.22999954
24-June-2015,63.09999847
25-June-2015,63.31999969
26-June-2015,63.75
29-June-2015,61.79000092
30-June-2015,61.54999924
01-July-2015,62.20999908
02-July-2015,62.02000046
06-July-2015,62.11000061
07-July-2015,62.90999985
08-July-2015,61.68999863
09-July-2015,62.22999954
10-July-2015,63.79000092
13-July-2015,64.13999939
14-July-2015,64.51000214
15-July-2015,64.80999756
16-July-2015,66.23999786
17-July-2015,66.01999664
20-July-2015,66.36000061
21-July-2015,66.30000305
22-July-2015,66.48999786
23-July-2015,66.55000305
24-July-2015,66.88999939
27-July-2015,65.73000336
28-July-2015,66
29-July-2015,66.91000366
30-July-2015,67.97000122
31-July-2015,68.16000366
03-August-2015,67.54000092
04-August-2015,66.95999908
05-August-2015,67.59999847
06-August-2015,66.51000214
07-August-2015,66.22000122
10-August-2015,66.79000092
11-August-2015,65.55000305
12-August-2015,63.95000076
13-August-2015,63.40000153
14-August-2015,64.08000183
17-August-2015,64.44999695
18-August-2015,64.41999817
19-August-2015,64.27999878
20-August-2015,62.74000168
21-August-2015,61.34999847
24-August-2015,58.18000031
25-August-2015,57.77999878
26-August-2015,60.13999939
27-August-2015,61.65000153
28-August-2015,62.15999985
31-August-2015,60.52000046
01-September-2015,58.56000137
02-September-2015,59.88999939
03-September-2015,59.66999817
04-September-2015,58.65999985
08-September-2015,60.91999817
09-September-2015,60.09000015
10-September-2015,60.86000061
11-September-2015,61.02000046
14-September-2015,59.84999847
15-September-2015,60.72999954
16-September-2015,60.65000153
17-September-2015,60.70999908
18-September-2015,60.11999893
21-September-2015,61.81999969
22-September-2015,60.97000122
23-September-2015,61.40999985
24-September-2015,60.47000122
25-September-2015,61.31999969
28-September-2015,58.93999863
29-September-2015,58.24000168
30-September-2015,59.45999908
01-October-2015,57.95000076
02-October-2015,58.56999969
05-October-2015,59.22999954
06-October-2015,58.61000061
07-October-2015,59.31999969
08-October-2015,59.93000031
09-October-2015,60
12-October-2015,60.49000168
13-October-2015,60.15000153
14-October-2015,59.18999863
15-October-2015,59.84999847
16-October-2015,60.18000031
19-October-2015,60.79000092
20-October-2015,60.90000153
21-October-2015,60.45999908
22-October-2015,61.08000183
23-October-2015,61.79999924
26-October-2015,62.77000046
27-October-2015,61.52000046
28-October-2015,63.04999924
29-October-2015,65.51999664
30-October-2015,67
02-November-2015,71.05000305
03-November-2015,70.20999908
04-November-2015,69.45999908
05-November-2015,68.62000275
06-November-2015,67.79000092
09-November-2015,66.48999786
10-November-2015,67.25
11-November-2015,67.29000092
12-November-2015,66.76999664
13-November-2015,66.20999908
16-November-2015,68.02999878
17-November-2015,69.19000244
18-November-2015,69.40000153
19-November-2015,69.41999817
20-November-2015,69.33999634
23-November-2015,69.51999664
24-November-2015,70.08000183
25-November-2015,69.95999908
27-November-2015,70.61000061
30-November-2015,70.12000275
01-December-2015,70.55999756
02-December-2015,70.38999939
03-December-2015,69.63999939
04-December-2015,71.87000275
07-December-2015,70.66999817
08-December-2015,70.48000336
09-December-2015,69.41999817
10-December-2015,69.94999695
11-December-2015,68.80000305
14-December-2015,69.62000275
15-December-2015,70.33000183
16-December-2015,71.48000336
17-December-2015,70.88999939
18-December-2015,71.51999664
21-December-2015,71.97000122
22-December-2015,71.54000092
23-December-2015,72.18000031
24-December-2015,72.34999847
28-December-2015,72.37999725
29-December-2015,72.84999847
30-December-2015,72.58999634
31-December-2015,72.12999725
04-January-2016,70.61000061
05-January-2016,71.13999939
06-January-2016,70.58999634
07-January-2016,69.48999786
08-January-2016,68.5
11-January-2016,68.12999725
12-January-2016,69.19999695
13-January-2016,67.76000214
14-January-2016,68
15-January-2016,67.44999695
19-January-2016,66.58999634
20-January-2016,65.44000244
21-January-2016,65.58000183
22-January-2016,66.98999786
25-January-2016,66.30999756
26-January-2016,66.08000183
27-January-2016,66.20999908
28-January-2016,66.55000305
29-January-2016,68.83999634
01-February-2016,67.73999786
02-February-2016,66.79000092
03-February-2016,66.31999969
04-February-2016,66.88999939
05-February-2016,65.29000092
08-February-2016,63.15999985
09-February-2016,65.08000183
10-February-2016,66.01999664
11-February-2016,65.26000214
12-February-2016,67.26000214
16-February-2016,68.58000183
17-February-2016,70.05999756
18-February-2016,70.63999939
19-February-2016,71.55000305
22-February-2016,72.83000183
23-February-2016,72.75
24-February-2016,71.44999695
25-February-2016,72.55999756
26-February-2016,72.45999908
29-February-2016,70.51999664
01-March-2016,71.51000214
02-March-2016,70.84999847
03-March-2016,70.08999634
04-March-2016,69.5
07-March-2016,69.95999908
08-March-2016,68.69999695
09-March-2016,69.45999908
10-March-2016,68.94999695
11-March-2016,69.62000275
14-March-2016,69.70999908
15-March-2016,69.30999756
16-March-2016,69.76999664
17-March-2016,70.23000336
18-March-2016,71.26999664
21-March-2016,71.37999725
22-March-2016,71.62999725
23-March-2016,71.59999847
24-March-2016,70.73999786
28-March-2016,71.37000275
29-March-2016,72.66999817
30-March-2016,73.15000153
31-March-2016,74.08000183
01-April-2016,74.61000061
04-April-2016,74.19999695
05-April-2016,73.79000092
06-April-2016,74.91000366
07-April-2016,73.72000122
08-April-2016,73.44000244
11-April-2016,73.13999939
12-April-2016,73.76000214
13-April-2016,74.06999969
14-April-2016,74.34999847
15-April-2016,74.63999939
18-April-2016,75.59999847
19-April-2016,75.93000031
20-April-2016,75.55999756
21-April-2016,75.16000366
22-April-2016,75.38999939
25-April-2016,75.33999634
26-April-2016,75.97000122
27-April-2016,76.36000061
28-April-2016,75.29000092
29-April-2016,75.94000244
02-May-2016,76
03-May-2016,74.88999939
04-May-2016,74.75
05-May-2016,74.80000305
06-May-2016,75.37999725
09-May-2016,76.41000366
10-May-2016,77.37000275
11-May-2016,76.58999634
12-May-2016,75.69000244
13-May-2016,75.11000061
16-May-2016,74.98999786
17-May-2016,74.51000214
18-May-2016,74.98000336
19-May-2016,75.29000092
20-May-2016,75.98999786
23-May-2016,76.30999756
24-May-2016,78.94000244
25-May-2016,78.58000183
26-May-2016,78.44999695
27-May-2016,79.31999969
31-May-2016,79.79000092
01-June-2016,78.70999908
02-June-2016,78.65000153
03-June-2016,77.11000061
06-June-2016,77.36000061
07-June-2016,77.87999725
08-June-2016,78.05000305
09-June-2016,78.06999969
10-June-2016,76.72000122
13-June-2016,75.80999756
14-June-2016,74.51999664
15-June-2016,74.30000305
16-June-2016,74.25
17-June-2016,73.66999817
20-June-2016,74.55000305
21-June-2016,74.87000275
22-June-2016,74.83000183
23-June-2016,76.66000366
24-June-2016,73.73000336
27-June-2016,71.86000061
28-June-2016,73.80999756
29-June-2016,74.91000366
30-June-2016,77.12000275
01-July-2016,76.93000031
05-July-2016,76.77999878
06-July-2016,77.62000275
07-July-2016,78.44999695
08-July-2016,79.44999695
11-July-2016,79.37999725
12-July-2016,81.01999664
13-July-2016,81.5
14-July-2016,81.70999908
15-July-2016,81.48999786
18-July-2016,81.16999817
19-July-2016,81.97000122
20-July-2016,82.55999756
21-July-2016,82.47000122
22-July-2016,82.93000031
25-July-2016,82.97000122
26-July-2016,83.55999756
27-July-2016,83.5
28-July-2016,84.84999847
29-July-2016,86.04000092
01-August-2016,86
02-August-2016,84.76000214
03-August-2016,84.98000336
04-August-2016,85.37999725
05-August-2016,86.81999969
08-August-2016,86.11000061
09-August-2016,86.22000122
10-August-2016,86.08999634
11-August-2016,86.12999725
12-August-2016,86.29000092
15-August-2016,87.5
16-August-2016,86.65000153
17-August-2016,87
18-August-2016,87.16999817
19-August-2016,87.31999969
22-August-2016,87.37999725
23-August-2016,87.65000153
24-August-2016,88.11000061
25-August-2016,88.66000366
26-August-2016,88.91000366
29-August-2016,89.77999878
30-August-2016,89.97000122
31-August-2016,90.12000275
01-September-2016,89.26999664
02-September-2016,89.55000305
06-September-2016,88.59999847
07-September-2016,89.05999756
08-September-2016,87.25
09-September-2016,84.73000336
12-September-2016,85.95999908
13-September-2016,84.87000275
14-September-2016,84.69999695
15-September-2016,85.86000061
16-September-2016,85.36000061
19-September-2016,85.23999786
20-September-2016,85.66000366
21-September-2016,86.73999786
22-September-2016,86.76999664
23-September-2016,86.40000153
26-September-2016,85.48000336
27-September-2016,85.30999756
28-September-2016,84.90000153
29-September-2016,83.51999664
30-September-2016,83.94000244
03-October-2016,83.51000214
04-October-2016,83.01999664
05-October-2016,83.20999908
06-October-2016,83.12000275
07-October-2016,82.66000366
10-October-2016,82.97000122
11-October-2016,80.09999847
12-October-2016,81.91999817
13-October-2016,81.95999908
14-October-2016,82.91000366
17-October-2016,82.91999817
18-October-2016,83
19-October-2016,82.93000031
20-October-2016,82.43000031
21-October-2016,82.90000153
24-October-2016,83.22000122
25-October-2016,83.19000244
26-October-2016,82.93000031
27-October-2016,79.59999847
28-October-2016,78.94999695
31-October-2016,80.19000244
01-November-2016,79.18000031
02-November-2016,78.81999969
03-November-2016,79.08000183
04-November-2016,79.37000275
07-November-2016,80.86000061
08-November-2016,81.08000183
09-November-2016,81.79000092
10-November-2016,81.16999817
11-November-2016,80
14-November-2016,77.55999756
15-November-2016,77.51000214
16-November-2016,77.93000031
17-November-2016,79.5
18-November-2016,79.69000244
21-November-2016,80.41000366
22-November-2016,80.01000214
23-November-2016,80.19000244
25-November-2016,80.77999878
28-November-2016,80.27999878
29-November-2016,80.62999725
30-November-2016,78.80000305
01-December-2016,77.13999939
02-December-2016,79.33000183
05-December-2016,80.75
06-December-2016,79.48999786
07-December-2016,80.76000214
08-December-2016,80.69999695
09-December-2016,81.45999908
12-December-2016,80.48000336
13-December-2016,81.04000092
14-December-2016,79.84999847
15-December-2016,80.54000092
16-December-2016,79.90000153
19-December-2016,80.25
20-December-2016,80.73999786
21-December-2016,79.66000366
22-December-2016,78.48999786
23-December-2016,78.58999634
27-December-2016,78.84999847
28-December-2016,78.36000061
29-December-2016,78.56999969
30-December-2016,78.77999878
03-January-2017,78.70999908
04-January-2017,80.70999908
05-January-2017,81.63999939
06-January-2017,83.40000153
09-January-2017,82.68000031
10-January-2017,81.51999664
11-January-2017,81.51999664
12-January-2017,81.25
13-January-2017,82.40000153
17-January-2017,81.09999847
18-January-2017,82.29000092
19-January-2017,81.16000366
20-January-2017,81.75
23-January-2017,82.12999725
24-January-2017,82.20999908
25-January-2017,82.72000122
26-January-2017,83.51000214
27-January-2017,82.76000214
30-January-2017,83.61000061
31-January-2017,82.75
01-February-2017,83.75
02-February-2017,88.91000366
03-February-2017,91.65000153
06-February-2017,93.06999969
07-February-2017,92.65000153
08-February-2017,92.61000061
09-February-2017,90.33000183
10-February-2017,91.22000122
13-February-2017,92.79000092
14-February-2017,93.94999695
15-February-2017,94.58000183
16-February-2017,94.19999695
17-February-2017,94.26999664
21-February-2017,94.51999664
22-February-2017,94.94999695
23-February-2017,94.98999786
24-February-2017,95.54000092
27-February-2017,95.52999878
28-February-2017,94.58999634
01-March-2017,95.87999725
02-March-2017,94.94999695
03-March-2017,95.44000244
06-March-2017,94.75
07-March-2017,95.44999695
08-March-2017,94.45999908
09-March-2017,94.44000244
10-March-2017,94.87000275
13-March-2017,95.30000305
14-March-2017,96.33000183
15-March-2017,99.30999756
16-March-2017,97.66999817
17-March-2017,97.33000183
20-March-2017,97.41999817
21-March-2017,95.55000305
22-March-2017,96.11000061
23-March-2017,97.12000275
24-March-2017,97.44000244
27-March-2017,96.62000275
28-March-2017,96.61000061
29-March-2017,96.40000153
30-March-2017,96.70999908
31-March-2017,97.19000244
03-April-2017,96.76000214
04-April-2017,96.58999634
05-April-2017,97.84999847
06-April-2017,97.79000092
07-April-2017,97.93000031
10-April-2017,97.25
11-April-2017,97.5
12-April-2017,97.30999756
13-April-2017,96.26000214
17-April-2017,97.98999786
18-April-2017,97.69999695
19-April-2017,98.15000153
20-April-2017,98.73000336
21-April-2017,98.02999878
24-April-2017,98.66000366
25-April-2017,99.44999695
26-April-2017,99.62000275
27-April-2017,100.4000015
28-April-2017,100.3199997
01-May-2017,100.6299973
02-May-2017,101.9400024
03-May-2017,101.4100037
04-May-2017,97.58999634
05-May-2017,99.54000092
08-May-2017,98.20999908
09-May-2017,97.65000153
10-May-2017,98.26999664
11-May-2017,98.27999878
12-May-2017,97.76999664
15-May-2017,98.80000305
16-May-2017,98.15000153
17-May-2017,97.01999664
18-May-2017,97.26000214
19-May-2017,98.87999725
22-May-2017,99.36000061
23-May-2017,98.91000366
24-May-2017,100.0100021
25-May-2017,100.9300003
26-May-2017,100.5100021
30-May-2017,100.0699997
31-May-2017,101.7300034
01-June-2017,104.0199966
02-June-2017,104.4599991
05-June-2017,104.5899963
06-June-2017,104.1699982
07-June-2017,103.9300003
08-June-2017,103.5999985
09-June-2017,104.0199966
12-June-2017,103.8199997
13-June-2017,105.9000015
14-June-2017,105.3899994
15-June-2017,105.6900024
16-June-2017,105.6200027
19-June-2017,106.1699982
20-June-2017,103.5800018
21-June-2017,101.8300018
22-June-2017,103.3300018
23-June-2017,104.7200012
26-June-2017,104.2200012
27-June-2017,102.6900024
28-June-2017,105
29-June-2017,104.0699997
30-June-2017,102.9899979
03-July-2017,102.7900009
05-July-2017,103.0800018
06-July-2017,102.2799988
07-July-2017,102.5400009
10-July-2017,102.9899979
11-July-2017,105.25
12-July-2017,105.4000015
13-July-2017,106.0999985
14-July-2017,107.4499969
17-July-2017,106.9800034
18-July-2017,106.9800034
19-July-2017,107.5899963
20-July-2017,107.4000015
21-July-2017,108.1500015
24-July-2017,108.9800034
25-July-2017,110.2600021
26-July-2017,110.3499985
27-July-2017,109.8099976
28-July-2017,110.3700027
31-July-2017,108.9499969
01-August-2017,110.4899979
02-August-2017,108.6500015
03-August-2017,111.7099991
04-August-2017,111.1699982
07-August-2017,111.1999969
08-August-2017,110.3899994
09-August-2017,109.6800003
10-August-2017,107.2600021
11-August-2017,107.1299973
14-August-2017,110.2799988
15-August-2017,109.2699966
16-August-2017,112.1900024
17-August-2017,110.3399963
18-August-2017,111.1200027
21-August-2017,110.3199997
22-August-2017,112.9700012
23-August-2017,112.2200012
24-August-2017,112.0199966
25-August-2017,114.2600021
28-August-2017,113.9899979
29-August-2017,113.0800018
30-August-2017,112.9899979
31-August-2017,114.6100006
01-September-2017,115.4499969
05-September-2017,113.1299973
06-September-2017,112.0899963
07-September-2017,114.0199966
08-September-2017,114.8899994
11-September-2017,115.7699966
12-September-2017,117.7399979
13-September-2017,114.2900009
14-September-2017,113.4599991
15-September-2017,113.3000031
18-September-2017,113.1500015
19-September-2017,113.8099976
20-September-2017,114.2900009
21-September-2017,115.3000031
22-September-2017,117.4199982
25-September-2017,116.0100021
26-September-2017,115.1900024
27-September-2017,115.7600021
28-September-2017,116.9700012
29-September-2017,116.9000015
02-October-2017,116.9800034
03-October-2017,118.5100021
04-October-2017,120.1399994
05-October-2017,121.0999985
06-October-2017,121.2799988
09-October-2017,121.5400009
10-October-2017,121.9199982
11-October-2017,121.8799973
12-October-2017,122.7300034
13-October-2017,122.0899963
16-October-2017,123.4800034
17-October-2017,122.4499969
18-October-2017,122.5899963
19-October-2017,122
20-October-2017,122
23-October-2017,121.6999969
24-October-2017,120.4499969
25-October-2017,118.5400009
26-October-2017,120.25
27-October-2017,120
30-October-2017,117.6500015
31-October-2017,117.3600006
01-November-2017,117.5899963
02-November-2017,125.4199982
03-November-2017,126.0400009
06-November-2017,127.6999969
07-November-2017,125.9800034
08-November-2017,127.0999985
09-November-2017,127.8799973
10-November-2017,125.0199966
13-November-2017,125.4599991
14-November-2017,125.1200027
15-November-2017,124.2300034
16-November-2017,125.3799973
17-November-2017,126.5800018
20-November-2017,127.1900024
21-November-2017,127.5
22-November-2017,127.5
24-November-2017,128.8999939
27-November-2017,128.75
28-November-2017,129.3500061
29-November-2017,127.7300034
30-November-2017,128.6999969
01-December-2017,128.9499969
04-December-2017,127.5699997
05-December-2017,128.3600006
06-December-2017,128
07-December-2017,128.2100067
08-December-2017,127.7099991
11-December-2017,128.3399963
12-December-2017,128
13-December-2017,127.2900009
14-December-2017,127.5500031
15-December-2017,127.9300003
18-December-2017,127.2799988
19-December-2017,126.9700012
20-December-2017,128.1600037
21-December-2017,128.6199951
22-December-2017,128.3300018
26-December-2017,125.5999985
27-December-2017,125.4700012
28-December-2017,126.3799973
29-December-2017,126.5400009
02-January-2018,127.6800003
03-January-2018,129.6199951
04-January-2018,131.6600037
05-January-2018,133.0299988
08-January-2018,133.2100067
09-January-2018,134.1000061
10-January-2018,133.75
11-January-2018,134.7599945
12-January-2018,135.8899994
16-January-2018,134.3300018
17-January-2018,135.8000031
18-January-2018,136.8200073
19-January-2018,138.25
22-January-2018,139.2700043
23-January-2018,140.1000061
24-January-2018,138.0700073
25-January-2018,137.8600006
26-January-2018,140.5700073
29-January-2018,138.0500031
30-January-2018,138.3000031
31-January-2018,139.2299957
01-February-2018,146.3200073
02-February-2018,142.5299988
05-February-2018,135.6799927
06-February-2018,138.8899994
07-February-2018,139.7599945
08-February-2018,133.8099976
09-February-2018,136.4799957
12-February-2018,137.5299988
13-February-2018,140.5899963
14-February-2018,145.6499939
15-February-2018,148.2299957
16-February-2018,145
20-February-2018,144.3800049
21-February-2018,142.7899933
22-February-2018,142.8699951
23-February-2018,144.9900055
26-February-2018,144.4199982
27-February-2018,142.8399963
28-February-2018,141.5200043
01-March-2018,142.6499939
02-March-2018,143.3200073
05-March-2018,145.9299927
06-March-2018,148.9900055
07-March-2018,148.3000031
08-March-2018,150.5800018
09-March-2018,153.1199951
12-March-2018,154.0500031
13-March-2018,151.6399994
14-March-2018,154.4299927
15-March-2018,154.9499969
16-March-2018,154.9799957
19-March-2018,155.3800049
20-March-2018,158.0800018
21-March-2018,158.2599945
22-March-2018,156.1300049
23-March-2018,154.0700073
26-March-2018,158.6699982
27-March-2018,154.0399933
28-March-2018,150.5500031
29-March-2018,149.4700012
02-April-2018,145.9400024
03-April-2018,145.7100067
04-April-2018,146.6999969
05-April-2018,146.5099945
06-April-2018,144.0500031
09-April-2018,146.6300049
10-April-2018,149.0500031
11-April-2018,148.25
12-April-2018,149.3000031
13-April-2018,147.6100006
16-April-2018,149.1799927
17-April-2018,150.1199951
18-April-2018,150.4299927
19-April-2018,150
20-April-2018,149.5899963
23-April-2018,150
24-April-2018,147.6900024
25-April-2018,149.2100067
26-April-2018,149.6000061
27-April-2018,150.1999969
30-April-2018,149.8300018
01-May-2018,150.6600037
02-May-2018,150.4400024
03-May-2018,149.1999969
04-May-2018,152.1300049
07-May-2018,154.9199982
08-May-2018,155.3099976
09-May-2018,156.6300049
10-May-2018,159.8500061
11-May-2018,160.9700012
14-May-2018,160.5399933
15-May-2018,158.7100067
16-May-2018,158.3200073
17-May-2018,156.7599945
18-May-2018,156.1999969
21-May-2018,157.9900055
22-May-2018,156.5299988
23-May-2018,158.3600006
24-May-2018,159.1300049
25-May-2018,159.3399963
29-May-2018,158.8800049
30-May-2018,161.9900055
31-May-2018,162.5700073
01-June-2018,163.3999939
04-June-2018,163.4799957
05-June-2018,163.7100067
06-June-2018,165.4499969
07-June-2018,165.2200012
08-June-2018,166.2899933
11-June-2018,166.4900055
12-June-2018,169.7400055
13-June-2018,172.1999969
14-June-2018,172.3500061
15-June-2018,172.75
18-June-2018,171.5800018
19-June-2018,171.7599945
20-June-2018,171.7100067
21-June-2018,170.7599945
22-June-2018,170.6300049
25-June-2018,168.5599976
26-June-2018,166.3300018
27-June-2018,163.5500031
28-June-2018,164.6100006
29-June-2018,165.4299927
02-July-2018,167.1399994
03-July-2018,165.7299957
05-July-2018,164.9100037
06-July-2018,166.6100006
09-July-2018,168.6399994
10-July-2018,168.7299957
11-July-2018,169.2799988
12-July-2018,169.2599945
13-July-2018,169.5800018
16-July-2018,170.5800018
17-July-2018,170.7400055
18-July-2018,171.5299988
19-July-2018,170.6900024
20-July-2018,170.9799957
23-July-2018,173.2899933
24-July-2018,172.5800018
25-July-2018,176.25
26-July-2018,173.7700043
27-July-2018,171.5700073
30-July-2018,167.5
31-July-2018,166.1900024
01-August-2018,163
02-August-2018,170.2899933
03-August-2018,166.8200073
06-August-2018,170.1699982
07-August-2018,172.8600006
08-August-2018,172.6900024
09-August-2018,173.1699982
10-August-2018,173.1300049
13-August-2018,172.6000061
14-August-2018,175.4400024
15-August-2018,173.6100006
16-August-2018,173.9199982
17-August-2018,173.2799988
20-August-2018,174.1699982
21-August-2018,173.5399933
22-August-2018,173.1399994
23-August-2018,173.0899963
24-August-2018,174.0200043
27-August-2018,174.9400024
28-August-2018,177.1600037
29-August-2018,178.0700073
30-August-2018,177.6499939
31-August-2018,180.2599945
04-September-2018,182.2299957
05-September-2018,178.5200043
06-September-2018,179.2400055
07-September-2018,179.1799927
10-September-2018,178.1100006
11-September-2018,177.4600067
12-September-2018,176.5299988
13-September-2018,180.5399933
14-September-2018,182.1799927
17-September-2018,177.9400024
18-September-2018,178.2200012
19-September-2018,174.5299988
20-September-2018,176.3200073
21-September-2018,176.2899933
24-September-2018,178.0399933
25-September-2018,178.8999939
26-September-2018,178.7700043
27-September-2018,178.6300049
28-September-2018,177.4100037
01-October-2018,179.8000031
02-October-2018,176.9600067
03-October-2018,177.2799988
04-October-2018,172.5200043
05-October-2018,170.5700073
08-October-2018,167.8200073
09-October-2018,166.9600067
10-October-2018,156.8399963
11-October-2018,151.5899963
12-October-2018,154.0399933
15-October-2018,151.2299957
16-October-2018,156.25
17-October-2018,157.2799988
18-October-2018,153.75
19-October-2018,153.8600006
22-October-2018,156.3999939
23-October-2018,155
24-October-2018,148.6900024
25-October-2018,149.3399963
26-October-2018,142.7599945
29-October-2018,143
30-October-2018,144.5099945
31-October-2018,150.3800049
01-November-2018,147.2899933
02-November-2018,144.1100006
05-November-2018,145.0800018
06-November-2018,147.7700043
07-November-2018,151.8500061
08-November-2018,152.0099945
09-November-2018,149.7899933
12-November-2018,148.0500031
13-November-2018,147.7100067
14-November-2018,148.1699982
15-November-2018,151.6600037
16-November-2018,153.2899933
19-November-2018,145.5299988
20-November-2018,144.3500061
21-November-2018,146.3399963
23-November-2018,149.8300018
26-November-2018,152.3999939
27-November-2018,152.1999969
28-November-2018,158.6100006
29-November-2018,157.0399933
30-November-2018,157.0899963
03-December-2018,161.6000061
04-December-2018,154.3200073
06-December-2018,152.3200073
07-December-2018,149.75
10-December-2018,150.1600037
11-December-2018,152
12-December-2018,153.8899994
13-December-2018,152.8200073
14-December-2018,150.4499969
17-December-2018,144.2100067
18-December-2018,144.25
19-December-2018,143.1300049
20-December-2018,140.9499969
21-December-2018,137.2899933
24-December-2018,135.0899963
26-December-2018,141.5299988
27-December-2018,145.2700043
28-December-2018,145.3999939
31-December-2018,147.4299927
02-January-2019,146.9400024
03-January-2019,141.3399963
04-January-2019,146.6000061
07-January-2019,147.2799988
08-January-2019,150.3399963
09-January-2019,151.8099976
10-January-2019,153.9400024
11-January-2019,154.8300018
14-January-2019,153.7100067
15-January-2019,157.0599976
16-January-2019,160.25
17-January-2019,160.7299957
18-January-2019,165.9700012
22-January-2019,162.2599945
23-January-2019,162.7799988
24-January-2019,161.7400055
25-January-2019,163.8300018
28-January-2019,162.4400024
29-January-2019,160.8500061
30-January-2019,162.7700043
31-January-2019,170.2700043
01-February-2019,172.8500061
04-February-2019,172.5599976
05-February-2019,174.4900055
06-February-2019,171.9499969
07-February-2019,172.4499969
08-February-2019,172.2899933
11-February-2019,171.75
12-February-2019,174.6199951
13-February-2019,174.8699951
14-February-2019,174.1300049
15-February-2019,175.1699982
19-February-2019,174.8000031
20-February-2019,176.1100006
21-February-2019,174.2200012
22-February-2019,177.1600037
25-February-2019,178.1600037
26-February-2019,178.3300018
27-February-2019,180.7400055
28-February-2019,184.7200012
01-March-2019,190.2100067
04-March-2019,187.1600037
05-March-2019,187.6699982
06-March-2019,186.4600067
07-March-2019,182.0599976
08-March-2019,182.4400024
11-March-2019,183.6600037
12-March-2019,185.0200043
13-March-2019,185.5899963
14-March-2019,186.8099976
15-March-2019,189.5800018
18-March-2019,190.9700012
19-March-2019,191.7700043
20-March-2019,191.9700012
21-March-2019,195.6699982
22-March-2019,191.8600006
25-March-2019,191.5800018
26-March-2019,194.4400024
27-March-2019,193.3600006
28-March-2019,196.6399994
29-March-2019,198.8399963
01-April-2019,201.8800049
02-April-2019,204.8899994
03-April-2019,206.3399963
04-April-2019,206.2799988
05-April-2019,206.9900055
08-April-2019,211
09-April-2019,211.8899994
10-April-2019,214.6100006
11-April-2019,216.3000031
12-April-2019,217.9900055
15-April-2019,218.9900055
16-April-2019,219.3399963
17-April-2019,219
18-April-2019,221.3500061
22-April-2019,222.5299988
23-April-2019,226.0299988
24-April-2019,224.7700043
25-April-2019,223.2799988
26-April-2019,226.0200043
29-April-2019,223.7799988
30-April-2019,225.3800049
01-May-2019,222.7200012
02-May-2019,221.2899933
03-May-2019,226.9299927
06-May-2019,229.6300049
07-May-2019,221.9299927
08-May-2019,223.8300018
09-May-2019,221.8800049
10-May-2019,224.2799988
13-May-2019,215.3500061
14-May-2019,220.4400024
15-May-2019,220.8999939
16-May-2019,226.0700073
17-May-2019,224.8099976
20-May-2019,222.6699982
21-May-2019,224.9100037
22-May-2019,225.1199951
23-May-2019,217.6699982
24-May-2019,218.8600006
28-May-2019,221.3600006
29-May-2019,220.5399933
30-May-2019,222.7799988
31-May-2019,220.0099945
03-June-2019,216.2599945
04-June-2019,224.8300018
05-June-2019,234.5
06-June-2019,237.5800018
07-June-2019,240.3000031
10-June-2019,243.9900055
11-June-2019,236.3500061
12-June-2019,234.8500061
13-June-2019,234.8200073
14-June-2019,235.7799988
17-June-2019,232.5899963
18-June-2019,233.5899963
19-June-2019,236.6499939
20-June-2019,237.4400024
21-June-2019,232.3999939
24-June-2019,235.0099945
25-June-2019,230.75
26-June-2019,231.5200043
27-June-2019,234.1000061
28-June-2019,238.7899933
01-July-2019,240.5099945
02-July-2019,244.5800018
03-July-2019,245.5700073
05-July-2019,242.2899933
08-July-2019,234.6999969
09-July-2019,238
10-July-2019,238
11-July-2019,240.2799988
12-July-2019,245.1199951
15-July-2019,245.1999969
16-July-2019,241.5700073
17-July-2019,241.5800018
18-July-2019,245.7299957
19-July-2019,240.9799957
22-July-2019,240.5899963
23-July-2019,235.6100006
24-July-2019,232.25
25-July-2019,231.8899994
26-July-2019,237.2700043
29-July-2019,232.3699951
30-July-2019,227.8800049
31-July-2019,227.2400055
01-August-2019,225.3300018
02-August-2019,220.1799927
05-August-2019,209.2400055
06-August-2019,214.3399963
07-August-2019,217.1799927
08-August-2019,225.4700012
09-August-2019,224.0500031
12-August-2019,219.9600067
13-August-2019,226.3099976
14-August-2019,218.8999939
15-August-2019,222.1600037
16-August-2019,226.2299957
19-August-2019,230.3099976
20-August-2019,231.5
21-August-2019,235.0299988
22-August-2019,236
23-August-2019,233
26-August-2019,231.6399994
27-August-2019,231.2299957
28-August-2019,231.7299957
29-August-2019,235.6100006
30-August-2019,234.6300049
03-September-2019,233.4900055
04-September-2019,230.1999969
05-September-2019,235.4299927
06-September-2019,241.2700043
09-September-2019,237.5099945
10-September-2019,228.4299927
11-September-2019,226.7100067
12-September-2019,232.3899994
13-September-2019,229.6399994
16-September-2019,230
17-September-2019,240.1499939
18-September-2019,233.75
19-September-2019,235.3899994
20-September-2019,225.7299957
23-September-2019,225.9600067
24-September-2019,225.6100006
25-September-2019,227.0599976
26-September-2019,223.5500031
27-September-2019,215.8899994
30-September-2019,217.75
01-October-2019,216.2299957
02-October-2019,212.6999969
03-October-2019,217.8399963
04-October-2019,221.0099945
07-October-2019,220.7899933
08-October-2019,214.5099945
09-October-2019,219.4700012
10-October-2019,222.6499939
11-October-2019,225.3300018
14-October-2019,225.1100006
15-October-2019,227.0800018
16-October-2019,225.9799957
17-October-2019,229.0299988
18-October-2019,224.3999939
21-October-2019,226.1499939
22-October-2019,216.3800049
23-October-2019,218.3300018
24-October-2019,222.5800018
25-October-2019,222.1999969
28-October-2019,225.0299988
29-October-2019,228.0700073
30-October-2019,229.1399994
31-October-2019,234.5599976
01-November-2019,245.9100037
04-November-2019,245.7899933
05-November-2019,238.4700012
06-November-2019,241.2799988
07-November-2019,246.6799927
08-November-2019,245
11-November-2019,245
12-November-2019,246.1799927
13-November-2019,249.2100067
14-November-2019,250
15-November-2019,250
18-November-2019,252.5899963
19-November-2019,257.5
20-November-2019,256.3699951
21-November-2019,255.6199951
22-November-2019,257.9700012
25-November-2019,264.0100098
26-November-2019,259.769989
27-November-2019,258.1799927
29-November-2019,259.1900024
02-December-2019,256.5700073
03-December-2019,254.3500061
04-December-2019,259.0299988
05-December-2019,260.4200134
06-December-2019,266.3200073
09-December-2019,263.5299988
10-December-2019,261.5
11-December-2019,260.7900085
12-December-2019,259.8599854
13-December-2019,260.0899963
16-December-2019,261.1900024
17-December-2019,258.4899902
18-December-2019,257.5
19-December-2019,259.7799988
20-December-2019,259.25
23-December-2019,258.7200012
24-December-2019,260.3599854
26-December-2019,260.480011
27-December-2019,259.9899902
30-December-2019,256.9200134
31-December-2019,258.1799927
02-January-2020,266.0499878
03-January-2020,260.75
06-January-2020,262.0499878
07-January-2020,262.4100037
08-January-2020,266.5599976
09-January-2020,267.8299866
10-January-2020,265.7200012
13-January-2020,271.9899902
14-January-2020,266.6700134
15-January-2020,269.7399902
16-January-2020,277.2900085
17-January-2020,279.0700073
21-January-2020,278.0299988
22-January-2020,279.230011
23-January-2020,279.1499939
24-January-2020,276.1099854
27-January-2020,273.9400024
28-January-2020,278.1700134
29-January-2020,282.2799988
30-January-2020,292.769989
31-January-2020,285.7999878
03-February-2020,292.6499939
04-February-2020,301.1499939
05-February-2020,295.1799927
06-February-2020,296.8999939
07-February-2020,297.8299866
10-February-2020,301.4700012
11-February-2020,303.5700073
12-February-2020,308.1799927
13-February-2020,313.3999939
14-February-2020,322.5599976
18-February-2020,327.0899963
19-February-2020,332.1099854
20-February-2020,321.7099915
21-February-2020,309.0799866
24-February-2020,303.5299988
25-February-2020,300.3099976
26-February-2020,305.6099854
27-February-2020,297.3599854
28-February-2020,295.4400024
02-March-2020,315.5299988
03-March-2020,308.6499939
04-March-2020,318.4700012
05-March-2020,300.8900146
06-March-2020,285.8399963
09-March-2020,257.8500061
10-March-2020,274.5100098
11-March-2020,262.5799866
12-March-2020,256.6900024
13-March-2020,283.3999939
16-March-2020,246.3999939
17-March-2020,257.6000061
18-March-2020,224.6499939
19-March-2020,237.3500061
20-March-2020,243.0700073
23-March-2020,231.5500031
24-March-2020,273.3099976
25-March-2020,263.769989
26-March-2020,291.8599854
27-March-2020,275.7399902
30-March-2020,293.7200012
31-March-2020,288.9599915
01-April-2020,271.2799988
02-April-2020,286.9899902
03-April-2020,270.6099854
06-April-2020,302.4899902
07-April-2020,286.0799866
08-April-2020,297.1799927
09-April-2020,310.6900024
13-April-2020,309.519989
14-April-2020,313.4100037
15-April-2020,309.6199951
16-April-2020,309.3999939
17-April-2020,317.1799927
20-April-2020,321.9500122
21-April-2020,311.3200073
22-April-2020,320.6199951
23-April-2020,317.4400024
24-April-2020,324.8900146
27-April-2020,331.6099854
28-April-2020,319.1600037
29-April-2020,334.7000122
30-April-2020,327
01-May-2020,319.9400024
04-May-2020,321.4599915
05-May-2020,337.3399963
06-May-2020,330.25
07-May-2020,334.1000061
08-May-2020,333.5799866
11-May-2020,347.25
12-May-2020,347.1199951
13-May-2020,335.6199951
14-May-2020,342.0499878
15-May-2020,341.2200012
18-May-2020,346.75
19-May-2020,337.5299988
20-May-2020,341.5100098
21-May-2020,333.3500061
22-May-2020,337.9700012
26-May-2020,326.1700134
27-May-2020,315.1700134
28-May-2020,322.6799927
29-May-2020,328.8500061
01-June-2020,335.3699951
02-June-2020,324.9200134
03-June-2020,318.5799866
04-June-2020,311.5799866
05-June-2020,330.8800049
08-June-2020,331.0899963
09-June-2020,327.1600037
10-June-2020,331.269989
11-June-2020,299.9400024
12-June-2020,320.9500122
15-June-2020,322.1199951
16-June-2020,322.8999939
17-June-2020,325.8999939
18-June-2020,330.0700073
19-June-2020,333.4599915
22-June-2020,337.5499878
23-June-2020,334.8200073
24-June-2020,328.3599854
25-June-2020,342.1700134
26-June-2020,332.2000122
29-June-2020,325.75
30-June-2020,333.8200073
01-July-2020,340.9299927
02-July-2020,342.1300049
06-July-2020,351.2099915
07-July-2020,352.6099854
08-July-2020,370.7099915
09-July-2020,375.1400146
10-July-2020,370.9500122
13-July-2020,363.8699951
14-July-2020,369.0799866
15-July-2020,376.25
16-July-2020,370.1600037
17-July-2020,379.6199951
20-July-2020,389.019989
21-July-2020,389.0499878
22-July-2020,390.1199951
23-July-2020,384.980011
24-July-2020,385.6499939
27-July-2020,394
28-July-2020,376.25
29-July-2020,383.019989
30-July-2020,374.5400085
31-July-2020,375.980011
03-August-2020,371.9100037
04-August-2020,364.3500061
05-August-2020,364.5799866
06-August-2020,372.7200012
07-August-2020,362.3699951
10-August-2020,354.3099976
11-August-2020,350.5299988
12-August-2020,354.769989
13-August-2020,359.8699951
14-August-2020,356.4100037
17-August-2020,361.6600037
18-August-2020,366.2000122
19-August-2020,371.3999939
20-August-2020,368.7399902
21-August-2020,363.6900024
24-August-2020,363.9899902
25-August-2020,365.5299988
26-August-2020,371.6000061
27-August-2020,369.8900146
28-August-2020,373.6799927
31-August-2020,373.269989
01-September-2020,377.5599976
02-September-2020,378.5899963
03-September-2020,360.4599915
04-September-2020,348.1799927
08-September-2020,339.6400146
09-September-2020,348.6900024
10-September-2020,342.5299988
11-September-2020,339.25
14-September-2020,342.3699951
15-September-2020,346
16-September-2020,344.4700012
17-September-2020,340.3599854
18-September-2020,344.9599915
21-September-2020,351.730011
22-September-2020,351.2399902
23-September-2020,345.4599915
24-September-2020,346.1199951
25-September-2020,352.9599915
28-September-2020,354.4700012
29-September-2020,356.0299988
30-September-2020,356.7799988
01-October-2020,359.5400085
02-October-2020,348.1600037
05-October-2020,351.3099976
06-October-2020,347.9200134
07-October-2020,342.8099976
08-October-2020,346.3999939
09-October-2020,352.3299866
12-October-2020,352.6400146
13-October-2020,359.9700012
14-October-2020,359.0400085
15-October-2020,361.6199951
16-October-2020,365.6099854
19-October-2020,362.6700134
20-October-2020,358.5700073
21-October-2020,350.0100098
22-October-2020,347.6300049
23-October-2020,350.5499878
26-October-2020,349.5599976
27-October-2020,356.8999939
28-October-2020,340.6799927
29-October-2020,345.4899902
30-October-2020,349.8399963
02-November-2020,356.8500061
03-November-2020,369.4700012
04-November-2020,398.2200012
05-November-2020,417.730011
06-November-2020,421.1499939
09-November-2020,390.4599915
10-November-2020,379.8200073
11-November-2020,397.019989
12-November-2020,389.480011
13-November-2020,388.4200134
16-November-2020,397.6000061
17-November-2020,403.6400146
18-November-2020,399.9500122
19-November-2020,400.7900085
20-November-2020,400.2999878
23-November-2020,401.9700012
24-November-2020,399.6400146
25-November-2020,403.9500122
27-November-2020,402.25
30-November-2020,409.4200134
01-December-2020,414.5
02-December-2020,416.1600037
03-December-2020,419.2999878
04-December-2020,421.7099915
07-December-2020,422.8200073
08-December-2020,426.3999939
09-December-2020,414.6199951
10-December-2020,422.6000061
11-December-2020,419.4700012
14-December-2020,423.8999939
15-December-2020,424
16-December-2020,429.8399963
17-December-2020,436.7799988
18-December-2020,443.0599976
21-December-2020,435.0400085
22-December-2020,437.5799866
23-December-2020,428.6300049
24-December-2020,432.4599915
28-December-2020,436.3699951
29-December-2020,434.5700073
30-December-2020,436.9899902
31-December-2020,446.5299988
04-January-2021,437.6400146
05-January-2021,431.3699951
06-January-2021,435.1700134
07-January-2021,443.6400146
08-January-2021,452.6799927
11-January-2021,451.7900085
12-January-2021,453.1900024
13-January-2021,438.3999939
14-January-2021,409.519989
15-January-2021,415.2999878
19-January-2021,411.480011
20-January-2021,418.519989
21-January-2021,414.3500061
22-January-2021,411.8800049
25-January-2021,403.4899902
26-January-2021,404.6099854
27-January-2021,393.3399963
28-January-2021,395.230011
29-January-2021,395.2999878
01-February-2021,416.25
02-February-2021,425.1300049
03-February-2021,416.8699951
04-February-2021,430.1900024
05-February-2021,429.8099976
08-February-2021,422.730011
09-February-2021,417.9700012
10-February-2021,419.6600037
11-February-2021,426.8599854
12-February-2021,434.769989
16-February-2021,440.9200134
17-February-2021,439.3200073
18-February-2021,437.5499878
19-February-2021,432.9700012
22-February-2021,413.6000061
23-February-2021,415.1499939
24-February-2021,417.230011
25-February-2021,406.2999878
26-February-2021,414.519989
01-March-2021,420.0299988
02-March-2021,418.8099976
03-March-2021,409.7200012
04-March-2021,409
05-March-2021,414.7200012
08-March-2021,402.6300049
09-March-2021,414.519989
10-March-2021,409.8200073
11-March-2021,410.0599976
12-March-2021,416.5299988
15-March-2021,419.5499878
16-March-2021,416.5799866
17-March-2021,413.1700134
18-March-2021,405.6199951
19-March-2021,410.3599854
22-March-2021,419.3599854
23-March-2021,420.7600098
24-March-2021,424.0299988
25-March-2021,412.0499878
26-March-2021,424.8699951
29-March-2021,426.3699951
30-March-2021,417.5100098
31-March-2021,419.2799988
01-April-2021,428.5499878
05-April-2021,440.6099854
06-April-2021,440.1000061
07-April-2021,437.4500122
08-April-2021,445.2900085
09-April-2021,448.5
12-April-2021,453.1400146
13-April-2021,460
14-April-2021,457.4100037
15-April-2021,469.6499939
16-April-2021,473.519989
19-April-2021,468.269989
20-April-2021,468.0299988
21-April-2021,470.6199951
22-April-2021,471.75
23-April-2021,486.5
26-April-2021,487
27-April-2021,487.6099854
28-April-2021,484.0299988
29-April-2021,494.8299866
30-April-2021,485.769989
03-May-2021,486.2000122
04-May-2021,482.5
05-May-2021,478.1799927
06-May-2021,475.9100037
07-May-2021,482.3099976
10-May-2021,476.8900146
11-May-2021,472.6700134
12-May-2021,460.1799927
13-May-2021,461.0899963
14-May-2021,463.4599915
17-May-2021,455.7799988
18-May-2021,454.0899963
19-May-2021,447.5899963
20-May-2021,457.230011
21-May-2021,456.8800049
24-May-2021,462.8500061
25-May-2021,464.6099854
26-May-2021,465.1000061
27-May-2021,464.3699951
28-May-2021,468.1300049
01-June-2021,461.9700012
02-June-2021,468.8699951
03-June-2021,461.980011
04-June-2021,466.3599854
07-June-2021,464.3699951
08-June-2021,463.3699951
09-June-2021,465.8299866
10-June-2021,476.4599915
11-June-2021,479.5100098
14-June-2021,490.7600098
15-June-2021,495
16-June-2021,495.8999939
17-June-2021,505.5400085
18-June-2021,502.8999939
21-June-2021,515.5900269
22-June-2021,522.1900024
23-June-2021,523.8599854
24-June-2021,533.0800171
25-June-2021,531.75
28-June-2021,534.4699707
29-June-2021,542.1699829
30-June-2021,533.0800171
01-July-2021,534.0300293
02-July-2021,541.9099731
06-July-2021,550.0200195
07-July-2021,555.7700195
08-July-2021,553.539978
09-July-2021,560.2299805
12-July-2021,559.9500122
13-July-2021,557.5700073
14-July-2021,555.1900024
15-July-2021,559.8499756
16-July-2021,564.8300171
19-July-2021,556.8400269
20-July-2021,563.5700073
21-July-2021,564.8599854
22-July-2021,572.1500244
23-July-2021,578.9500122
26-July-2021,575.9000244
27-July-2021,584.210022
28-July-2021,591.8400269
29-July-2021,594.7600098
30-July-2021,595.960022
02-August-2021,610.9199829
03-August-2021,619.0700073
04-August-2021,624.2199707
05-August-2021,627.3800049
06-August-2021,628.9000244
09-August-2021,627.6799927
10-August-2021,625.0800171
11-August-2021,624.9400024
12-August-2021,625.1599731
13-August-2021,630.0200195
16-August-2021,630.210022
17-August-2021,629.4799805
18-August-2021,610.210022
19-August-2021,610
20-August-2021,618.8599854
23-August-2021,621.1900024
24-August-2021,618.3699951
25-August-2021,627.9099731
26-August-2021,623.9099731
27-August-2021,629.5900269
30-August-2021,638.4299927
31-August-2021,634.5800171
01-September-2021,649.210022
02-September-2021,649.4199829
03-September-2021,650.75
07-September-2021,655.8200073
08-September-2021,659.1799927
09-September-2021,652.8599854
10-September-2021,650.8699951
13-September-2021,643.25
14-September-2021,653.2700195
15-September-2021,647.3599854
16-September-2021,652.1500244
17-September-2021,641.6599731
20-September-2021,634.5900269
21-September-2021,640.7000122
22-September-2021,645.1500244
23-September-2021,653.5800171
24-September-2021,661.3699951
27-September-2021,638.6799927
28-September-2021,597.7999878
29-September-2021,610.7000122
30-September-2021,608.3400269
01-October-2021,610.7000122
04-October-2021,587.2999878
05-October-2021,602.1199951
06-October-2021,599.9400024
07-October-2021,608.5
08-October-2021,600.1199951
11-October-2021,597.210022
12-October-2021,595.25
13-October-2021,598.2999878
14-October-2021,612.6500244
15-October-2021,616.0800171
18-October-2021,619.8200073
19-October-2021,630.960022
20-October-2021,623.3599854
21-October-2021,636.4299927
22-October-2021,649.0900269
25-October-2021,652.0300293
26-October-2021,643.1199951
27-October-2021,637
28-October-2021,655.3300171
29-October-2021,664.8800049
01-November-2021,657.1099854
02-November-2021,654.3300171
03-November-2021,645.6599731
04-November-2021,661.6699829
05-November-2021,653.3400269
08-November-2021,653.8099976
09-November-2021,652.8200073
10-November-2021,642
11-November-2021,641.289978
12-November-2021,652.5700073
15-November-2021,660.9500122
16-November-2021,675.1500244
17-November-2021,666.4199829
18-November-2021,665.4299927
19-November-2021,656.8800049
22-November-2021,636.9000244
23-November-2021,632.3400269
24-November-2021,642.6400146
26-November-2021,621.039978
29-November-2021,645.4899902
30-November-2021,629.4500122
01-December-2021,616.3499756
02-December-2021,629.5800171
03-December-2021,603.4500122
06-December-2021,608.1500244
07-December-2021,637.0700073
08-December-2021,646.0900269
09-December-2021,619.9400024
10-December-2021,628.1400146
13-December-2021,621.7600098
14-December-2021,591.0700073
15-December-2021,602.4199829
16-December-2021,595.1199951
17-December-2021,590.2199707
20-December-2021,579.2999878
21-December-2021,594.6599731
22-December-2021,604.1799927
23-December-2021,611.2700195
27-December-2021,618.7700195
28-December-2021,614.9799805
29-December-2021,614.789978
30-December-2021,612.539978
31-December-2021,612.6900024
03-January-2022,595.5800171
04-January-2022,591.1300049
05-January-2022,566.1199951
06-January-2022,562.9799805
07-January-2022,552
10-January-2022,541.8599854
11-January-2022,553.3200073
12-January-2022,559.0800171
13-January-2022,533.4099731
14-January-2022,526.7399902
18-January-2022,516.6900024
19-January-2022,513.4000244
20-January-2022,515.8499756
21-January-2022,500.8200073
24-January-2022,507.0700073
25-January-2022,492.9200134
26-January-2022,492.1300049
27-January-2022,491.7900085
28-January-2022,508.1300049
31-January-2022,536.1199951
01-February-2022,545.4000244
02-February-2022,549.8300171
03-February-2022,540.3099976
04-February-2022,554.710022
07-February-2022,550.4500122
08-February-2022,546.1400146
09-February-2022,561.4699707
10-February-2022,545.1099854
11-February-2022,534.2600098
14-February-2022,532.9699707
15-February-2022,546.3800049
16-February-2022,543.5999756
17-February-2022,531.4799805
18-February-2022,527
22-February-2022,521.3099976
23-February-2022,509.3999939
24-February-2022,508.4700012
25-February-2022,513.210022
28-February-2022,501.6900024
01-March-2022,500.3800049
02-March-2022,511.0899963
03-March-2022,507.1099854
04-March-2022,497.7799988
07-March-2022,467.3999939
08-March-2022,466
09-March-2022,488.1300049
10-March-2022,465.2600098
11-March-2022,456.6300049
14-March-2022,457.3299866
15-March-2022,470.9400024
16-March-2022,492.9599915
17-March-2022,498.4400024
18-March-2022,520.3400269
21-March-2022,507
22-March-2022,509.7600098
23-March-2022,491.25
24-March-2022,495.730011
25-March-2022,490.3099976
28-March-2022,507.8099976
29-March-2022,516.7700195
30-March-2022,510.2799988
31-March-2022,502.8800049
01-April-2022,516
04-April-2022,519.5100098
05-April-2022,513.2299805
06-April-2022,506.6499939
07-April-2022,510
08-April-2022,506.4899902
11-April-2022,486.0899963
12-April-2022,480.3099976
13-April-2022,493.269989
14-April-2022,482.7000122
18-April-2022,478.0100098
19-April-2022,490.519989
20-April-2022,493.5400085
21-April-2022,474.7799988
22-April-2022,456.0400085
25-April-2022,462.2999878
26-April-2022,429.8099976
27-April-2022,417.7799988
28-April-2022,433.3800049
29-April-2022,421.25
02-May-2022,423.75
03-May-2022,431.9100037
04-May-2022,432.7399902
05-May-2022,416.0499878
06-May-2022,405.6099854
09-May-2022,379.0799866
10-May-2022,388.8900146
11-May-2022,387.3999939
12-May-2022,387.980011
13-May-2022,408.1400146
16-May-2022,400
17-May-2022,407.75
18-May-2022,399.5
19-May-2022,410.019989
20-May-2022,417.0400085
23-May-2022,417.6799927
24-May-2022,414.6099854
25-May-2022,416.7999878
26-May-2022,432.7799988
27-May-2022,448.1700134
31-May-2022,442.3500061
01-June-2022,431.4500122
02-June-2022,451.6199951
03-June-2022,438.4500122
06-June-2022,438.6600037
07-June-2022,446.2900085
08-June-2022,435.5299988
09-June-2022,427.0799866
10-June-2022,410.0499878
13-June-2022,393
14-June-2022,391
15-June-2022,397.3900146
16-June-2022,385.7600098
17-June-2022,386.7099915
21-June-2022,400.25
22-June-2022,400.8699951
23-June-2022,416.7099915
24-June-2022,432.0599976
27-June-2022,429.7799988
28-June-2022,413.1199951
29-June-2022,415.2600098
30-June-2022,412.1499939
01-July-2022,417.7200012
05-July-2022,422.0100098
06-July-2022,426.2399902
07-July-2022,435.4899902
08-July-2022,433.9500122
11-July-2022,431.8500061
12-July-2022,420.3200073
13-July-2022,413.7200012
14-July-2022,410.1099854
15-July-2022,418.8699951
18-July-2022,412.0100098
19-July-2022,426.1000061
20-July-2022,434.3200073
21-July-2022,447.4700012
22-July-2022,439.8999939
25-July-2022,438.4700012
26-July-2022,442.8900146
27-July-2022,452.9700012
28-July-2022,474.2900085
29-July-2022,481.3399963
01-August-2022,476.8599854
02-August-2022,477.6900024
03-August-2022,496.3299866
04-August-2022,496.7600098
05-August-2022,496.1799927
08-August-2022,500.8200073
09-August-2022,494.9299927
10-August-2022,512.1199951
11-August-2022,501.1199951
12-August-2022,506.7099915
15-August-2022,508.6300049
16-August-2022,503.6199951
17-August-2022,502.4899902
18-August-2022,499.980011
19-August-2022,478.4899902
22-August-2022,472.8800049
23-August-2022,467.5
24-August-2022,467.8900146
25-August-2022,475.7799988
26-August-2022,456.4200134
29-August-2022,456
30-August-2022,453.0400085
31-August-2022,449.2399902
01-September-2022,456.9100037
02-September-2022,451.9500122
06-September-2022,457.6799927
07-September-2022,474.2999878
08-September-2022,482.8999939
09-September-2022,491.2600098
12-September-2022,496.5700073
13-September-2022,471.769989
14-September-2022,469.1099854
15-September-2022,456.1900024
16-September-2022,456.6799927
19-September-2022,451.3800049
20-September-2022,447.769989
21-September-2022,439.5700073
22-September-2022,427.0899963
23-September-2022,422.3299866
26-September-2022,420.7600098
27-September-2022,416.8999939
28-September-2022,429.1400146
29-September-2022,423.2200012
30-September-2022,421.7900085
03-October-2022,431.5799866
04-October-2022,450.8599854
05-October-2022,447.480011
06-October-2022,436.6499939
07-October-2022,419.8399963
10-October-2022,406.9200134
11-October-2022,399.3500061
12-October-2022,401.6499939
13-October-2022,406.0799866
14-October-2022,388.7200012
17-October-2022,402.9599915
18-October-2022,408.5599976
19-October-2022,398.7900085
20-October-2022,393.6600037
21-October-2022,401.480011
24-October-2022,412.1499939
25-October-2022,448.4200134
26-October-2022,451.6000061
27-October-2022,455.2200012
28-October-2022,474.269989
31-October-2022,468.8599854
01-November-2022,470.0799866
02-November-2022,453.7399902
03-November-2022,451.1499939
04-November-2022,460.9100037
07-November-2022,462.1900024
08-November-2022,467.8999939
09-November-2022,465.1300049
10-November-2022,509.7000122
11-November-2022,512.3699951
14-November-2022,492.2399902
15-November-2022,503.019989
16-November-2022,507.2099915
17-November-2022,491.0899963
18-November-2022,490.3099976
21-November-2022,493.3699951
22-November-2022,502.6700134
23-November-2022,508.75
25-November-2022,512.2600098
28-November-2022,495.9599915
29-November-2022,486.3200073
30-November-2022,507.8299866
01-December-2022,521.3900146
02-December-2022,518.8300171
05-December-2022,504.4899902
06-December-2022,499.8999939
07-December-2022,500.3999939
08-December-2022,499.980011
09-December-2022,492.5499878
12-December-2022,497.269989
13-December-2022,512.0200195
14-December-2022,498.480011
15-December-2022,476.6799927
16-December-2022,471.5899963
19-December-2022,461.9400024
20-December-2022,458
21-December-2022,472.3599854
22-December-2022,462.3200073
23-December-2022,463.8200073
27-December-2022,460.4299927
28-December-2022,454.4400024
29-December-2022,471.9200134
30-December-2022,465.1700134
03-January-2023,461.1600037
04-January-2023,474.1199951
05-January-2023,459.1199951
06-January-2023,469.0100098
09-January-2023,480.5400085
10-January-2023,488.0799866
11-January-2023,504.1199951
12-January-2023,504.0499878
13-January-2023,505.2399902
17-January-2023,510.2799988
18-January-2023,506.3399963
19-January-2023,495.7900085
20-January-2023,511.7600098
23-January-2023,514.9799805
24-January-2023,519.8400269
25-January-2023,508.6400146
26-January-2023,515.210022
27-January-2023,519.9199829
30-January-2023,506.5599976
31-January-2023,531.5599976
01-February-2023,554.5200195
02-February-2023,568.4400024
03-February-2023,567.4299927
06-February-2023,553.4000244
07-February-2023,560.4000244
08-February-2023,556.9000244
09-February-2023,555.5900269
10-February-2023,549.3300171
13-February-2023,562.0999756
14-February-2023,561.8200073
15-February-2023,567.0599976
16-February-2023,552.9899902
17-February-2023,544.8300171
21-February-2023,524.8200073
22-February-2023,524.0499878
23-February-2023,527.7800293
24-February-2023,518.1599731
27-February-2023,525.789978
28-February-2023,522.1500244
01-March-2023,515.4500122
02-March-2023,517.289978
03-March-2023,536.6699829
06-March-2023,542.9099731
07-March-2023,533.9799805
08-March-2023,535.8499756
09-March-2023,535.039978
10-March-2023,522.2700195
13-March-2023,528.2800293
14-March-2023,548.25
15-March-2023,536.7700195
16-March-2023,546.5700073
17-March-2023,537.0900269
20-March-2023,544.3300171
21-March-2023,554.3300171
22-March-2023,547.1799927
23-March-2023,546.960022
24-March-2023,543.0999756
27-March-2023,540.3499756
28-March-2023,542.9000244
29-March-2023,550.9299927
30-March-2023,548.7199707
31-March-2023,559.6900024
03-April-2023,557.3699951
04-April-2023,550.3800049
05-April-2023,538.3699951
06-April-2023,533.6500244
10-April-2023,528.4400024
11-April-2023,529.6699829
12-April-2023,530.8300171
13-April-2023,542.6099854
14-April-2023,540.0300293
17-April-2023,537.5700073
18-April-2023,544.460022
19-April-2023,545.4799805
20-April-2023,546.5800171
21-April-2023,544.5999756
24-April-2023,544.6099854
25-April-2023,471.1499939
26-April-2023,458.2200012
27-April-2023,464.2900085
28-April-2023,482.4500122
