Date,S&P500
02-January-2015,2058.199951
05-January-2015,2020.579956
06-January-2015,2002.609985
07-January-2015,2025.900024
08-January-2015,2062.139893
09-January-2015,2044.810059
12-January-2015,2028.26001
13-January-2015,2023.030029
14-January-2015,2011.27002
15-January-2015,1992.670044
16-January-2015,2019.420044
20-January-2015,2022.550049
21-January-2015,2032.119995
22-January-2015,2063.149902
23-January-2015,2051.820068
26-January-2015,2057.090088
27-January-2015,2029.550049
28-January-2015,2002.160034
29-January-2015,2021.25
30-January-2015,1994.98999
02-February-2015,2020.849976
03-February-2015,2050.030029
04-February-2015,2041.51001
05-February-2015,2062.52002
06-February-2015,2055.469971
09-February-2015,2046.73999
10-February-2015,2068.590088
11-February-2015,2068.530029
12-February-2015,2088.47998
13-February-2015,2096.98999
17-February-2015,2100.340088
18-February-2015,2099.679932
19-February-2015,2097.449951
20-February-2015,2110.300049
23-February-2015,2109.659912
24-February-2015,2115.47998
25-February-2015,2113.860107
26-February-2015,2110.73999
27-February-2015,2104.5
02-March-2015,2117.389893
03-March-2015,2107.780029
04-March-2015,2098.530029
05-March-2015,2101.040039
06-March-2015,2071.26001
09-March-2015,2079.429932
10-March-2015,2044.160034
11-March-2015,2040.23999
12-March-2015,2065.949951
13-March-2015,2053.399902
16-March-2015,2081.189941
17-March-2015,2074.280029
18-March-2015,2099.5
19-March-2015,2089.27002
20-March-2015,2108.100098
23-March-2015,2104.419922
24-March-2015,2091.5
25-March-2015,2061.050049
26-March-2015,2056.149902
27-March-2015,2061.02002
30-March-2015,2086.23999
31-March-2015,2067.889893
01-April-2015,2059.689941
02-April-2015,2066.959961
06-April-2015,2080.620117
07-April-2015,2076.330078
08-April-2015,2081.899902
09-April-2015,2091.179932
10-April-2015,2102.060059
13-April-2015,2092.429932
14-April-2015,2095.840088
15-April-2015,2106.629883
16-April-2015,2104.98999
17-April-2015,2081.179932
20-April-2015,2100.399902
21-April-2015,2097.290039
22-April-2015,2107.959961
23-April-2015,2112.929932
24-April-2015,2117.689941
27-April-2015,2108.919922
28-April-2015,2114.76001
29-April-2015,2106.850098
30-April-2015,2085.51001
01-May-2015,2108.290039
04-May-2015,2114.48999
05-May-2015,2089.459961
06-May-2015,2080.149902
07-May-2015,2088
08-May-2015,2116.100098
11-May-2015,2105.330078
12-May-2015,2099.120117
13-May-2015,2098.47998
14-May-2015,2121.100098
15-May-2015,2122.72998
18-May-2015,2129.199951
19-May-2015,2127.830078
20-May-2015,2125.850098
21-May-2015,2130.820068
22-May-2015,2126.060059
26-May-2015,2104.199951
27-May-2015,2123.47998
28-May-2015,2120.790039
29-May-2015,2107.389893
01-June-2015,2111.72998
02-June-2015,2109.600098
03-June-2015,2114.070068
04-June-2015,2095.840088
05-June-2015,2092.830078
08-June-2015,2079.280029
09-June-2015,2080.149902
10-June-2015,2105.199951
11-June-2015,2108.860107
12-June-2015,2094.110107
15-June-2015,2084.429932
16-June-2015,2096.290039
17-June-2015,2100.439941
18-June-2015,2121.23999
19-June-2015,2109.98999
22-June-2015,2122.850098
23-June-2015,2124.199951
24-June-2015,2108.580078
25-June-2015,2102.310059
26-June-2015,2101.48999
29-June-2015,2057.639893
30-June-2015,2063.110107
01-July-2015,2077.419922
02-July-2015,2076.780029
06-July-2015,2068.76001
07-July-2015,2081.340088
08-July-2015,2046.680054
09-July-2015,2051.310059
10-July-2015,2076.620117
13-July-2015,2099.600098
14-July-2015,2108.949951
15-July-2015,2107.399902
16-July-2015,2124.290039
17-July-2015,2126.639893
20-July-2015,2128.280029
21-July-2015,2119.209961
22-July-2015,2114.149902
23-July-2015,2102.149902
24-July-2015,2079.649902
27-July-2015,2067.639893
28-July-2015,2093.25
29-July-2015,2108.570068
30-July-2015,2108.629883
31-July-2015,2103.840088
03-August-2015,2098.040039
04-August-2015,2093.320068
05-August-2015,2099.840088
06-August-2015,2083.560059
07-August-2015,2077.570068
10-August-2015,2104.179932
11-August-2015,2084.070068
12-August-2015,2086.050049
13-August-2015,2083.389893
14-August-2015,2091.540039
17-August-2015,2102.439941
18-August-2015,2096.919922
19-August-2015,2079.610107
20-August-2015,2035.72998
21-August-2015,1970.890015
24-August-2015,1893.209961
25-August-2015,1867.609985
26-August-2015,1940.51001
27-August-2015,1987.660034
28-August-2015,1988.869995
31-August-2015,1972.180054
01-September-2015,1913.849976
02-September-2015,1948.859985
03-September-2015,1951.130005
04-September-2015,1921.219971
08-September-2015,1969.410034
09-September-2015,1942.040039
10-September-2015,1952.290039
11-September-2015,1961.050049
14-September-2015,1953.030029
15-September-2015,1978.089966
16-September-2015,1995.310059
17-September-2015,1990.199951
18-September-2015,1958.030029
21-September-2015,1966.969971
22-September-2015,1942.73999
23-September-2015,1938.76001
24-September-2015,1932.23999
25-September-2015,1931.339966
28-September-2015,1881.77002
29-September-2015,1884.089966
30-September-2015,1920.030029
01-October-2015,1923.819946
02-October-2015,1951.359985
05-October-2015,1987.050049
06-October-2015,1979.920044
07-October-2015,1995.829956
08-October-2015,2013.430054
09-October-2015,2014.890015
12-October-2015,2017.459961
13-October-2015,2003.689941
14-October-2015,1994.23999
15-October-2015,2023.859985
16-October-2015,2033.109985
19-October-2015,2033.660034
20-October-2015,2030.77002
21-October-2015,2018.939941
22-October-2015,2052.51001
23-October-2015,2075.149902
26-October-2015,2071.179932
27-October-2015,2065.889893
28-October-2015,2090.350098
29-October-2015,2089.409912
30-October-2015,2079.360107
02-November-2015,2104.050049
03-November-2015,2109.790039
04-November-2015,2102.310059
05-November-2015,2099.929932
06-November-2015,2099.199951
09-November-2015,2078.580078
10-November-2015,2081.719971
11-November-2015,2075
12-November-2015,2045.969971
13-November-2015,2023.040039
16-November-2015,2053.189941
17-November-2015,2050.439941
18-November-2015,2083.580078
19-November-2015,2081.23999
20-November-2015,2089.169922
23-November-2015,2086.590088
24-November-2015,2089.139893
25-November-2015,2088.870117
27-November-2015,2090.110107
30-November-2015,2080.409912
01-December-2015,2102.629883
02-December-2015,2079.51001
03-December-2015,2049.620117
04-December-2015,2091.689941
07-December-2015,2077.070068
08-December-2015,2063.590088
09-December-2015,2047.619995
10-December-2015,2052.22998
11-December-2015,2012.369995
14-December-2015,2021.939941
15-December-2015,2043.410034
16-December-2015,2073.070068
17-December-2015,2041.890015
18-December-2015,2005.550049
21-December-2015,2021.150024
22-December-2015,2038.969971
23-December-2015,2064.290039
24-December-2015,2060.98999
28-December-2015,2056.5
29-December-2015,2078.360107
30-December-2015,2063.360107
31-December-2015,2043.939941
04-January-2016,2012.660034
05-January-2016,2016.709961
06-January-2016,1990.26001
07-January-2016,1943.089966
08-January-2016,1922.030029
11-January-2016,1923.670044
12-January-2016,1938.680054
13-January-2016,1890.280029
14-January-2016,1921.839966
15-January-2016,1880.329956
19-January-2016,1881.329956
20-January-2016,1859.329956
21-January-2016,1868.98999
22-January-2016,1906.900024
25-January-2016,1877.079956
26-January-2016,1903.630005
27-January-2016,1882.949951
28-January-2016,1893.359985
29-January-2016,1940.23999
01-February-2016,1939.380005
02-February-2016,1903.030029
03-February-2016,1912.530029
04-February-2016,1915.449951
05-February-2016,1880.050049
08-February-2016,1853.439941
09-February-2016,1852.209961
10-February-2016,1851.859985
11-February-2016,1829.079956
12-February-2016,1864.780029
16-February-2016,1895.579956
17-February-2016,1926.819946
18-February-2016,1917.829956
19-February-2016,1917.780029
22-February-2016,1945.5
23-February-2016,1921.27002
24-February-2016,1929.800049
25-February-2016,1951.699951
26-February-2016,1948.050049
29-February-2016,1932.22998
01-March-2016,1978.349976
02-March-2016,1986.449951
03-March-2016,1993.400024
04-March-2016,1999.98999
07-March-2016,2001.76001
08-March-2016,1979.26001
09-March-2016,1989.26001
10-March-2016,1989.569946
11-March-2016,2022.189941
14-March-2016,2019.640015
15-March-2016,2015.930054
16-March-2016,2027.219971
17-March-2016,2040.589966
18-March-2016,2049.580078
21-March-2016,2051.600098
22-March-2016,2049.800049
23-March-2016,2036.709961
24-March-2016,2035.939941
28-March-2016,2037.050049
29-March-2016,2055.01001
30-March-2016,2063.949951
31-March-2016,2059.73999
01-April-2016,2072.780029
04-April-2016,2066.129883
05-April-2016,2045.170044
06-April-2016,2066.659912
07-April-2016,2041.910034
08-April-2016,2047.599976
11-April-2016,2041.98999
12-April-2016,2061.719971
13-April-2016,2082.419922
14-April-2016,2082.780029
15-April-2016,2080.72998
18-April-2016,2094.340088
19-April-2016,2100.800049
20-April-2016,2102.399902
21-April-2016,2091.47998
22-April-2016,2091.580078
25-April-2016,2087.790039
26-April-2016,2091.699951
27-April-2016,2095.149902
28-April-2016,2075.810059
29-April-2016,2065.300049
02-May-2016,2081.429932
03-May-2016,2063.370117
04-May-2016,2051.120117
05-May-2016,2050.629883
06-May-2016,2057.139893
09-May-2016,2058.689941
10-May-2016,2084.389893
11-May-2016,2064.459961
12-May-2016,2064.110107
13-May-2016,2046.609985
16-May-2016,2066.659912
17-May-2016,2047.209961
18-May-2016,2047.630005
19-May-2016,2040.040039
20-May-2016,2052.320068
23-May-2016,2048.040039
24-May-2016,2076.060059
25-May-2016,2090.540039
26-May-2016,2090.100098
27-May-2016,2099.060059
31-May-2016,2096.949951
01-June-2016,2099.330078
02-June-2016,2105.26001
03-June-2016,2099.129883
06-June-2016,2109.409912
07-June-2016,2112.129883
08-June-2016,2119.120117
09-June-2016,2115.47998
10-June-2016,2096.070068
13-June-2016,2079.060059
14-June-2016,2075.320068
15-June-2016,2071.5
16-June-2016,2077.98999
17-June-2016,2071.219971
20-June-2016,2083.25
21-June-2016,2088.899902
22-June-2016,2085.449951
23-June-2016,2113.320068
24-June-2016,2037.410034
27-June-2016,2000.540039
28-June-2016,2036.089966
29-June-2016,2070.77002
30-June-2016,2098.860107
01-July-2016,2102.949951
05-July-2016,2088.550049
06-July-2016,2099.72998
07-July-2016,2097.899902
08-July-2016,2129.899902
11-July-2016,2137.159912
12-July-2016,2152.139893
13-July-2016,2152.429932
14-July-2016,2163.75
15-July-2016,2161.73999
18-July-2016,2166.889893
19-July-2016,2163.780029
20-July-2016,2173.02002
21-July-2016,2165.169922
22-July-2016,2175.030029
25-July-2016,2168.47998
26-July-2016,2169.179932
27-July-2016,2166.580078
28-July-2016,2170.060059
29-July-2016,2173.600098
01-August-2016,2170.840088
02-August-2016,2157.030029
03-August-2016,2163.790039
04-August-2016,2164.25
05-August-2016,2182.870117
08-August-2016,2180.889893
09-August-2016,2181.73999
10-August-2016,2175.48999
11-August-2016,2185.790039
12-August-2016,2184.050049
15-August-2016,2190.149902
16-August-2016,2178.149902
17-August-2016,2182.219971
18-August-2016,2187.02002
19-August-2016,2183.870117
22-August-2016,2182.639893
23-August-2016,2186.899902
24-August-2016,2175.439941
25-August-2016,2172.469971
26-August-2016,2169.040039
29-August-2016,2180.379883
30-August-2016,2176.120117
31-August-2016,2170.949951
01-September-2016,2170.860107
02-September-2016,2179.97998
06-September-2016,2186.47998
07-September-2016,2186.159912
08-September-2016,2181.300049
09-September-2016,2127.810059
12-September-2016,2159.040039
13-September-2016,2127.02002
14-September-2016,2125.77002
15-September-2016,2147.26001
16-September-2016,2139.159912
19-September-2016,2139.120117
20-September-2016,2139.76001
21-September-2016,2163.120117
22-September-2016,2177.179932
23-September-2016,2164.689941
26-September-2016,2146.100098
27-September-2016,2159.929932
28-September-2016,2171.370117
29-September-2016,2151.129883
30-September-2016,2168.27002
03-October-2016,2161.199951
04-October-2016,2150.48999
05-October-2016,2159.72998
06-October-2016,2160.77002
07-October-2016,2153.73999
10-October-2016,2163.659912
11-October-2016,2136.72998
12-October-2016,2139.179932
13-October-2016,2132.550049
14-October-2016,2132.97998
17-October-2016,2126.5
18-October-2016,2139.600098
19-October-2016,2144.290039
20-October-2016,2141.340088
21-October-2016,2141.159912
24-October-2016,2151.330078
25-October-2016,2143.159912
26-October-2016,2139.429932
27-October-2016,2133.040039
28-October-2016,2126.409912
31-October-2016,2126.149902
01-November-2016,2111.719971
02-November-2016,2097.939941
03-November-2016,2088.659912
04-November-2016,2085.179932
07-November-2016,2131.52002
08-November-2016,2139.560059
09-November-2016,2163.26001
10-November-2016,2167.47998
11-November-2016,2164.449951
14-November-2016,2164.199951
15-November-2016,2180.389893
16-November-2016,2176.939941
17-November-2016,2187.120117
18-November-2016,2181.899902
21-November-2016,2198.179932
22-November-2016,2202.939941
23-November-2016,2204.719971
25-November-2016,2213.350098
28-November-2016,2201.719971
29-November-2016,2204.659912
30-November-2016,2198.810059
01-December-2016,2191.080078
02-December-2016,2191.949951
05-December-2016,2204.709961
06-December-2016,2212.22998
07-December-2016,2241.350098
08-December-2016,2246.189941
09-December-2016,2259.530029
12-December-2016,2256.959961
13-December-2016,2271.719971
14-December-2016,2253.280029
15-December-2016,2262.030029
16-December-2016,2258.070068
19-December-2016,2262.530029
20-December-2016,2270.76001
21-December-2016,2265.179932
22-December-2016,2260.959961
23-December-2016,2263.790039
27-December-2016,2268.879883
28-December-2016,2249.919922
29-December-2016,2249.26001
30-December-2016,2238.830078
03-January-2017,2257.830078
04-January-2017,2270.75
05-January-2017,2269
06-January-2017,2276.97998
09-January-2017,2268.899902
10-January-2017,2268.899902
11-January-2017,2275.320068
12-January-2017,2270.439941
13-January-2017,2274.639893
17-January-2017,2267.889893
18-January-2017,2271.889893
19-January-2017,2263.689941
20-January-2017,2271.310059
23-January-2017,2265.199951
24-January-2017,2280.070068
25-January-2017,2298.370117
26-January-2017,2296.679932
27-January-2017,2294.689941
30-January-2017,2280.899902
31-January-2017,2278.870117
01-February-2017,2279.550049
02-February-2017,2280.850098
03-February-2017,2297.419922
06-February-2017,2292.560059
07-February-2017,2293.080078
08-February-2017,2294.669922
09-February-2017,2307.870117
10-February-2017,2316.100098
13-February-2017,2328.25
14-February-2017,2337.580078
15-February-2017,2349.25
16-February-2017,2347.219971
17-February-2017,2351.159912
21-February-2017,2365.379883
22-February-2017,2362.820068
23-February-2017,2363.810059
24-February-2017,2367.340088
27-February-2017,2369.75
28-February-2017,2363.639893
01-March-2017,2395.959961
02-March-2017,2381.919922
03-March-2017,2383.120117
06-March-2017,2375.310059
07-March-2017,2368.389893
08-March-2017,2362.97998
09-March-2017,2364.870117
10-March-2017,2372.600098
13-March-2017,2373.469971
14-March-2017,2365.449951
15-March-2017,2385.26001
16-March-2017,2381.379883
17-March-2017,2378.25
20-March-2017,2373.469971
21-March-2017,2344.02002
22-March-2017,2348.449951
23-March-2017,2345.959961
24-March-2017,2343.97998
27-March-2017,2341.590088
28-March-2017,2358.570068
29-March-2017,2361.129883
30-March-2017,2368.060059
31-March-2017,2362.719971
03-April-2017,2358.840088
04-April-2017,2360.159912
05-April-2017,2352.949951
06-April-2017,2357.48999
07-April-2017,2355.540039
10-April-2017,2357.159912
11-April-2017,2353.780029
12-April-2017,2344.929932
13-April-2017,2328.949951
17-April-2017,2349.01001
18-April-2017,2342.189941
19-April-2017,2338.169922
20-April-2017,2355.840088
21-April-2017,2348.689941
24-April-2017,2374.149902
25-April-2017,2388.610107
26-April-2017,2387.449951
27-April-2017,2388.77002
28-April-2017,2384.199951
01-May-2017,2388.330078
02-May-2017,2391.169922
03-May-2017,2388.129883
04-May-2017,2389.52002
05-May-2017,2399.290039
08-May-2017,2399.379883
09-May-2017,2396.919922
10-May-2017,2399.629883
11-May-2017,2394.439941
12-May-2017,2390.899902
15-May-2017,2402.320068
16-May-2017,2400.669922
17-May-2017,2357.030029
18-May-2017,2365.719971
19-May-2017,2381.72998
22-May-2017,2394.02002
23-May-2017,2398.419922
24-May-2017,2404.389893
25-May-2017,2415.070068
26-May-2017,2415.820068
30-May-2017,2412.909912
31-May-2017,2411.800049
01-June-2017,2430.060059
02-June-2017,2439.070068
05-June-2017,2436.100098
06-June-2017,2429.330078
07-June-2017,2433.139893
08-June-2017,2433.790039
09-June-2017,2431.77002
12-June-2017,2429.389893
13-June-2017,2440.350098
14-June-2017,2437.919922
15-June-2017,2432.459961
16-June-2017,2433.149902
19-June-2017,2453.459961
20-June-2017,2437.030029
21-June-2017,2435.610107
22-June-2017,2434.5
23-June-2017,2438.300049
26-June-2017,2439.070068
27-June-2017,2419.379883
28-June-2017,2440.689941
29-June-2017,2419.699951
30-June-2017,2423.409912
03-July-2017,2429.01001
05-July-2017,2432.540039
06-July-2017,2409.75
07-July-2017,2425.179932
10-July-2017,2427.429932
11-July-2017,2425.530029
12-July-2017,2443.25
13-July-2017,2447.830078
14-July-2017,2459.27002
17-July-2017,2459.139893
18-July-2017,2460.610107
19-July-2017,2473.830078
20-July-2017,2473.449951
21-July-2017,2472.540039
24-July-2017,2469.909912
25-July-2017,2477.129883
26-July-2017,2477.830078
27-July-2017,2475.419922
28-July-2017,2472.100098
31-July-2017,2470.300049
01-August-2017,2476.350098
02-August-2017,2477.570068
03-August-2017,2472.159912
04-August-2017,2476.830078
07-August-2017,2480.909912
08-August-2017,2474.919922
09-August-2017,2474.02002
10-August-2017,2438.209961
11-August-2017,2441.320068
14-August-2017,2465.840088
15-August-2017,2464.610107
16-August-2017,2468.110107
17-August-2017,2430.01001
18-August-2017,2425.550049
21-August-2017,2428.370117
22-August-2017,2452.51001
23-August-2017,2444.040039
24-August-2017,2438.969971
25-August-2017,2443.050049
28-August-2017,2444.23999
29-August-2017,2446.300049
30-August-2017,2457.590088
31-August-2017,2471.649902
01-September-2017,2476.550049
05-September-2017,2457.850098
06-September-2017,2465.540039
07-September-2017,2465.100098
08-September-2017,2461.429932
11-September-2017,2488.110107
12-September-2017,2496.47998
13-September-2017,2498.370117
14-September-2017,2495.620117
15-September-2017,2500.22998
18-September-2017,2503.870117
19-September-2017,2506.649902
20-September-2017,2508.23999
21-September-2017,2500.600098
22-September-2017,2502.219971
25-September-2017,2496.659912
26-September-2017,2496.840088
27-September-2017,2507.040039
28-September-2017,2510.060059
29-September-2017,2519.360107
02-October-2017,2529.120117
03-October-2017,2534.580078
04-October-2017,2537.73999
05-October-2017,2552.070068
06-October-2017,2549.330078
09-October-2017,2544.72998
10-October-2017,2550.639893
11-October-2017,2555.23999
12-October-2017,2550.929932
13-October-2017,2553.169922
16-October-2017,2557.639893
17-October-2017,2559.360107
18-October-2017,2561.26001
19-October-2017,2562.100098
20-October-2017,2575.209961
23-October-2017,2564.97998
24-October-2017,2569.129883
25-October-2017,2557.149902
26-October-2017,2560.399902
27-October-2017,2581.070068
30-October-2017,2572.830078
31-October-2017,2575.26001
01-November-2017,2579.360107
02-November-2017,2579.850098
03-November-2017,2587.840088
06-November-2017,2591.129883
07-November-2017,2590.639893
08-November-2017,2594.379883
09-November-2017,2584.620117
10-November-2017,2582.300049
13-November-2017,2584.840088
14-November-2017,2578.870117
15-November-2017,2564.620117
16-November-2017,2585.639893
17-November-2017,2578.850098
20-November-2017,2582.139893
21-November-2017,2599.030029
22-November-2017,2597.080078
24-November-2017,2602.419922
27-November-2017,2601.419922
28-November-2017,2627.040039
29-November-2017,2626.070068
30-November-2017,2647.580078
01-December-2017,2642.219971
04-December-2017,2639.439941
05-December-2017,2629.570068
06-December-2017,2629.27002
07-December-2017,2636.97998
08-December-2017,2651.5
11-December-2017,2659.98999
12-December-2017,2664.110107
13-December-2017,2662.850098
14-December-2017,2652.01001
15-December-2017,2675.810059
18-December-2017,2690.159912
19-December-2017,2681.469971
20-December-2017,2679.25
21-December-2017,2684.570068
22-December-2017,2683.340088
26-December-2017,2680.5
27-December-2017,2682.620117
28-December-2017,2687.540039
29-December-2017,2673.610107
02-January-2018,2695.810059
03-January-2018,2713.060059
04-January-2018,2723.98999
05-January-2018,2743.149902
08-January-2018,2747.709961
09-January-2018,2751.290039
10-January-2018,2748.22998
11-January-2018,2767.560059
12-January-2018,2786.23999
16-January-2018,2776.419922
17-January-2018,2802.560059
18-January-2018,2798.030029
19-January-2018,2810.300049
22-January-2018,2832.969971
23-January-2018,2839.129883
24-January-2018,2837.540039
25-January-2018,2839.25
26-January-2018,2872.870117
29-January-2018,2853.530029
30-January-2018,2822.429932
31-January-2018,2823.810059
01-February-2018,2821.97998
02-February-2018,2762.129883
05-February-2018,2648.939941
06-February-2018,2695.139893
07-February-2018,2681.659912
08-February-2018,2581
09-February-2018,2619.550049
12-February-2018,2656
13-February-2018,2662.939941
14-February-2018,2698.629883
15-February-2018,2731.199951
16-February-2018,2732.219971
20-February-2018,2716.26001
21-February-2018,2701.330078
22-February-2018,2703.959961
23-February-2018,2747.300049
26-February-2018,2779.600098
27-February-2018,2744.280029
28-February-2018,2713.830078
01-March-2018,2677.669922
02-March-2018,2691.25
05-March-2018,2720.939941
06-March-2018,2728.120117
07-March-2018,2726.800049
08-March-2018,2738.969971
09-March-2018,2786.570068
12-March-2018,2783.02002
13-March-2018,2765.310059
14-March-2018,2749.47998
15-March-2018,2747.330078
16-March-2018,2752.01001
19-March-2018,2712.919922
20-March-2018,2716.939941
21-March-2018,2711.929932
22-March-2018,2643.689941
23-March-2018,2588.26001
26-March-2018,2658.550049
27-March-2018,2612.620117
28-March-2018,2605
29-March-2018,2640.870117
02-April-2018,2581.879883
03-April-2018,2614.449951
04-April-2018,2644.689941
05-April-2018,2662.840088
06-April-2018,2604.469971
09-April-2018,2613.159912
10-April-2018,2656.870117
11-April-2018,2642.189941
12-April-2018,2663.98999
13-April-2018,2656.300049
16-April-2018,2677.840088
17-April-2018,2706.389893
18-April-2018,2708.639893
19-April-2018,2693.129883
20-April-2018,2670.139893
23-April-2018,2670.290039
24-April-2018,2634.560059
25-April-2018,2639.399902
26-April-2018,2666.939941
27-April-2018,2669.909912
30-April-2018,2648.050049
01-May-2018,2654.800049
02-May-2018,2635.669922
03-May-2018,2629.72998
04-May-2018,2663.419922
07-May-2018,2672.629883
08-May-2018,2671.919922
09-May-2018,2697.790039
10-May-2018,2723.070068
11-May-2018,2727.719971
14-May-2018,2730.129883
15-May-2018,2711.449951
16-May-2018,2722.459961
17-May-2018,2720.129883
18-May-2018,2712.969971
21-May-2018,2733.01001
22-May-2018,2724.439941
23-May-2018,2733.290039
24-May-2018,2727.76001
25-May-2018,2721.330078
29-May-2018,2689.860107
30-May-2018,2724.01001
31-May-2018,2705.27002
01-June-2018,2734.620117
04-June-2018,2746.870117
05-June-2018,2748.800049
06-June-2018,2772.350098
07-June-2018,2770.370117
08-June-2018,2779.030029
11-June-2018,2782
12-June-2018,2786.850098
13-June-2018,2775.629883
14-June-2018,2782.48999
15-June-2018,2779.659912
18-June-2018,2773.75
19-June-2018,2762.590088
20-June-2018,2767.320068
21-June-2018,2749.76001
22-June-2018,2754.879883
25-June-2018,2717.070068
26-June-2018,2723.060059
27-June-2018,2699.629883
28-June-2018,2716.310059
29-June-2018,2718.370117
02-July-2018,2726.709961
03-July-2018,2713.219971
05-July-2018,2736.610107
06-July-2018,2759.820068
09-July-2018,2784.169922
10-July-2018,2793.840088
11-July-2018,2774.02002
12-July-2018,2798.290039
13-July-2018,2801.310059
16-July-2018,2798.429932
17-July-2018,2809.550049
18-July-2018,2815.620117
19-July-2018,2804.48999
20-July-2018,2801.830078
23-July-2018,2806.97998
24-July-2018,2820.399902
25-July-2018,2846.070068
26-July-2018,2837.439941
27-July-2018,2818.820068
30-July-2018,2802.600098
31-July-2018,2816.290039
01-August-2018,2813.360107
02-August-2018,2827.219971
03-August-2018,2840.350098
06-August-2018,2850.399902
07-August-2018,2858.449951
08-August-2018,2857.699951
09-August-2018,2853.580078
10-August-2018,2833.280029
13-August-2018,2821.929932
14-August-2018,2839.959961
15-August-2018,2818.370117
16-August-2018,2840.689941
17-August-2018,2850.129883
20-August-2018,2857.050049
21-August-2018,2862.959961
22-August-2018,2861.820068
23-August-2018,2856.97998
24-August-2018,2874.689941
27-August-2018,2896.73999
28-August-2018,2897.52002
29-August-2018,2914.040039
30-August-2018,2901.129883
31-August-2018,2901.52002
04-September-2018,2896.719971
05-September-2018,2888.600098
06-September-2018,2878.050049
07-September-2018,2871.679932
10-September-2018,2877.129883
11-September-2018,2887.889893
12-September-2018,2888.919922
13-September-2018,2904.179932
14-September-2018,2904.97998
17-September-2018,2888.800049
18-September-2018,2904.310059
19-September-2018,2907.949951
20-September-2018,2930.75
21-September-2018,2929.669922
24-September-2018,2919.370117
25-September-2018,2915.560059
26-September-2018,2905.969971
27-September-2018,2914
28-September-2018,2913.97998
01-October-2018,2924.590088
02-October-2018,2923.429932
03-October-2018,2925.51001
04-October-2018,2901.610107
05-October-2018,2885.570068
08-October-2018,2884.429932
09-October-2018,2880.340088
10-October-2018,2785.679932
11-October-2018,2728.370117
12-October-2018,2767.129883
15-October-2018,2750.790039
16-October-2018,2809.919922
17-October-2018,2809.209961
18-October-2018,2768.780029
19-October-2018,2767.780029
22-October-2018,2755.879883
23-October-2018,2740.689941
24-October-2018,2656.100098
25-October-2018,2705.570068
26-October-2018,2658.689941
29-October-2018,2641.25
30-October-2018,2682.629883
31-October-2018,2711.73999
01-November-2018,2740.370117
02-November-2018,2723.060059
05-November-2018,2738.310059
06-November-2018,2755.449951
07-November-2018,2813.889893
08-November-2018,2806.830078
09-November-2018,2781.01001
12-November-2018,2726.219971
13-November-2018,2722.179932
14-November-2018,2701.580078
15-November-2018,2730.199951
16-November-2018,2736.27002
19-November-2018,2690.72998
20-November-2018,2641.889893
21-November-2018,2649.929932
23-November-2018,2632.560059
26-November-2018,2673.449951
27-November-2018,2682.169922
28-November-2018,2743.790039
29-November-2018,2737.800049
30-November-2018,2760.169922
03-December-2018,2790.370117
04-December-2018,2700.060059
06-December-2018,2695.949951
07-December-2018,2633.080078
10-December-2018,2637.719971
11-December-2018,2636.780029
12-December-2018,2651.070068
13-December-2018,2650.540039
14-December-2018,2599.949951
17-December-2018,2545.939941
18-December-2018,2546.159912
19-December-2018,2506.959961
20-December-2018,2467.419922
21-December-2018,2416.620117
24-December-2018,2351.100098
26-December-2018,2467.699951
27-December-2018,2488.830078
28-December-2018,2485.73999
31-December-2018,2506.850098
02-January-2019,2510.030029
03-January-2019,2447.889893
04-January-2019,2531.939941
07-January-2019,2549.689941
08-January-2019,2574.409912
09-January-2019,2584.959961
10-January-2019,2596.639893
11-January-2019,2596.26001
14-January-2019,2582.610107
15-January-2019,2610.300049
16-January-2019,2616.100098
17-January-2019,2635.959961
18-January-2019,2670.709961
22-January-2019,2632.899902
23-January-2019,2638.699951
24-January-2019,2642.330078
25-January-2019,2664.76001
28-January-2019,2643.850098
29-January-2019,2640
30-January-2019,2681.050049
31-January-2019,2704.100098
01-February-2019,2706.530029
04-February-2019,2724.870117
05-February-2019,2737.699951
06-February-2019,2731.610107
07-February-2019,2706.050049
08-February-2019,2707.879883
11-February-2019,2709.800049
12-February-2019,2744.72998
13-February-2019,2753.030029
14-February-2019,2745.72998
15-February-2019,2775.600098
19-February-2019,2779.76001
20-February-2019,2784.699951
21-February-2019,2774.879883
22-February-2019,2792.669922
25-February-2019,2796.110107
26-February-2019,2793.899902
27-February-2019,2792.379883
28-February-2019,2784.48999
01-March-2019,2803.689941
04-March-2019,2792.810059
05-March-2019,2789.649902
06-March-2019,2771.449951
07-March-2019,2748.929932
08-March-2019,2743.070068
11-March-2019,2783.300049
12-March-2019,2791.52002
13-March-2019,2810.919922
14-March-2019,2808.47998
15-March-2019,2822.47998
18-March-2019,2832.939941
19-March-2019,2832.570068
20-March-2019,2824.22998
21-March-2019,2854.879883
22-March-2019,2800.709961
25-March-2019,2798.360107
26-March-2019,2818.459961
27-March-2019,2805.370117
28-March-2019,2815.439941
29-March-2019,2834.399902
01-April-2019,2867.189941
02-April-2019,2867.23999
03-April-2019,2873.399902
04-April-2019,2879.389893
05-April-2019,2892.73999
08-April-2019,2895.77002
09-April-2019,2878.199951
10-April-2019,2888.209961
11-April-2019,2888.320068
12-April-2019,2907.409912
15-April-2019,2905.580078
16-April-2019,2907.060059
17-April-2019,2900.449951
18-April-2019,2905.030029
22-April-2019,2907.969971
23-April-2019,2933.679932
24-April-2019,2927.25
25-April-2019,2926.169922
26-April-2019,2939.879883
29-April-2019,2943.030029
30-April-2019,2945.830078
01-May-2019,2923.72998
02-May-2019,2917.52002
03-May-2019,2945.639893
06-May-2019,2932.469971
07-May-2019,2884.050049
08-May-2019,2879.419922
09-May-2019,2870.719971
10-May-2019,2881.399902
13-May-2019,2811.870117
14-May-2019,2834.409912
15-May-2019,2850.959961
16-May-2019,2876.320068
17-May-2019,2859.530029
20-May-2019,2840.22998
21-May-2019,2864.360107
22-May-2019,2856.27002
23-May-2019,2822.23999
24-May-2019,2826.060059
28-May-2019,2802.389893
29-May-2019,2783.02002
30-May-2019,2788.860107
31-May-2019,2752.060059
03-June-2019,2744.449951
04-June-2019,2803.27002
05-June-2019,2826.149902
06-June-2019,2843.48999
07-June-2019,2873.340088
10-June-2019,2886.72998
11-June-2019,2885.719971
12-June-2019,2879.840088
13-June-2019,2891.639893
14-June-2019,2886.97998
17-June-2019,2889.669922
18-June-2019,2917.75
19-June-2019,2926.459961
20-June-2019,2954.179932
21-June-2019,2950.459961
24-June-2019,2945.350098
25-June-2019,2917.379883
26-June-2019,2913.780029
27-June-2019,2924.919922
28-June-2019,2941.76001
01-July-2019,2964.330078
02-July-2019,2973.01001
03-July-2019,2995.820068
05-July-2019,2990.409912
08-July-2019,2975.949951
09-July-2019,2979.629883
10-July-2019,2993.070068
11-July-2019,2999.909912
12-July-2019,3013.77002
15-July-2019,3014.300049
16-July-2019,3004.040039
17-July-2019,2984.419922
18-July-2019,2995.110107
19-July-2019,2976.610107
22-July-2019,2985.030029
23-July-2019,3005.469971
24-July-2019,3019.560059
25-July-2019,3003.669922
26-July-2019,3025.860107
29-July-2019,3020.969971
30-July-2019,3013.179932
31-July-2019,2980.379883
01-August-2019,2953.560059
02-August-2019,2932.050049
05-August-2019,2844.73999
06-August-2019,2881.77002
07-August-2019,2883.97998
08-August-2019,2938.090088
09-August-2019,2918.649902
12-August-2019,2882.699951
13-August-2019,2926.320068
14-August-2019,2840.600098
15-August-2019,2847.600098
16-August-2019,2888.679932
19-August-2019,2923.649902
20-August-2019,2900.51001
21-August-2019,2924.429932
22-August-2019,2922.949951
23-August-2019,2847.110107
26-August-2019,2878.379883
27-August-2019,2869.159912
28-August-2019,2887.939941
29-August-2019,2924.580078
30-August-2019,2926.459961
03-September-2019,2906.27002
04-September-2019,2937.780029
05-September-2019,2976
06-September-2019,2978.709961
09-September-2019,2978.429932
10-September-2019,2979.389893
11-September-2019,3000.929932
12-September-2019,3009.570068
13-September-2019,3007.389893
16-September-2019,2997.959961
17-September-2019,3005.699951
18-September-2019,3006.72998
19-September-2019,3006.790039
20-September-2019,2992.070068
23-September-2019,2991.780029
24-September-2019,2966.600098
25-September-2019,2984.870117
26-September-2019,2977.620117
27-September-2019,2961.790039
30-September-2019,2976.73999
01-October-2019,2940.25
02-October-2019,2887.610107
03-October-2019,2910.629883
04-October-2019,2952.01001
07-October-2019,2938.790039
08-October-2019,2893.060059
09-October-2019,2919.399902
10-October-2019,2938.129883
11-October-2019,2970.27002
14-October-2019,2966.149902
15-October-2019,2995.679932
16-October-2019,2989.689941
17-October-2019,2997.949951
18-October-2019,2986.199951
21-October-2019,3006.719971
22-October-2019,2995.98999
23-October-2019,3004.52002
24-October-2019,3010.290039
25-October-2019,3022.550049
28-October-2019,3039.419922
29-October-2019,3036.889893
30-October-2019,3046.77002
31-October-2019,3037.560059
01-November-2019,3066.909912
04-November-2019,3078.27002
05-November-2019,3074.620117
06-November-2019,3076.780029
07-November-2019,3085.179932
08-November-2019,3093.080078
11-November-2019,3087.01001
12-November-2019,3091.840088
13-November-2019,3094.040039
14-November-2019,3096.629883
15-November-2019,3120.459961
18-November-2019,3122.030029
19-November-2019,3120.179932
20-November-2019,3108.459961
21-November-2019,3103.540039
22-November-2019,3110.290039
25-November-2019,3133.639893
26-November-2019,3140.52002
27-November-2019,3153.629883
29-November-2019,3140.97998
02-December-2019,3113.870117
03-December-2019,3093.199951
04-December-2019,3112.76001
05-December-2019,3117.429932
06-December-2019,3145.909912
09-December-2019,3135.959961
10-December-2019,3132.52002
11-December-2019,3141.629883
12-December-2019,3168.570068
13-December-2019,3168.800049
16-December-2019,3191.449951
17-December-2019,3192.52002
18-December-2019,3191.139893
19-December-2019,3205.370117
20-December-2019,3221.219971
23-December-2019,3224.01001
24-December-2019,3223.379883
26-December-2019,3239.909912
27-December-2019,3240.02002
30-December-2019,3221.290039
31-December-2019,3230.780029
02-January-2020,3257.850098
03-January-2020,3234.850098
06-January-2020,3246.280029
07-January-2020,3237.179932
08-January-2020,3253.050049
09-January-2020,3274.699951
10-January-2020,3265.350098
13-January-2020,3288.129883
14-January-2020,3283.149902
15-January-2020,3289.290039
16-January-2020,3316.810059
17-January-2020,3329.620117
21-January-2020,3320.790039
22-January-2020,3321.75
23-January-2020,3325.540039
24-January-2020,3295.469971
27-January-2020,3243.629883
28-January-2020,3276.23999
29-January-2020,3273.399902
30-January-2020,3283.659912
31-January-2020,3225.52002
03-February-2020,3248.919922
04-February-2020,3297.590088
05-February-2020,3334.689941
06-February-2020,3345.780029
07-February-2020,3327.709961
10-February-2020,3352.090088
11-February-2020,3357.75
12-February-2020,3379.449951
13-February-2020,3373.939941
14-February-2020,3380.159912
18-February-2020,3370.290039
19-February-2020,3386.149902
20-February-2020,3373.22998
21-February-2020,3337.75
24-February-2020,3225.889893
25-February-2020,3128.209961
26-February-2020,3116.389893
27-February-2020,2978.76001
28-February-2020,2954.219971
02-March-2020,3090.22998
03-March-2020,3003.370117
04-March-2020,3130.120117
05-March-2020,3023.939941
06-March-2020,2972.370117
09-March-2020,2746.560059
10-March-2020,2882.22998
11-March-2020,2741.379883
12-March-2020,2480.639893
13-March-2020,2711.02002
16-March-2020,2386.129883
17-March-2020,2529.189941
18-March-2020,2398.100098
19-March-2020,2409.389893
20-March-2020,2304.919922
23-March-2020,2237.399902
24-March-2020,2447.330078
25-March-2020,2475.560059
26-March-2020,2630.070068
27-March-2020,2541.469971
30-March-2020,2626.649902
31-March-2020,2584.590088
01-April-2020,2470.5
02-April-2020,2526.899902
03-April-2020,2488.649902
06-April-2020,2663.679932
07-April-2020,2659.409912
08-April-2020,2749.97998
09-April-2020,2789.820068
13-April-2020,2761.629883
14-April-2020,2846.060059
15-April-2020,2783.360107
16-April-2020,2799.550049
17-April-2020,2874.560059
20-April-2020,2823.159912
21-April-2020,2736.560059
22-April-2020,2799.310059
23-April-2020,2797.800049
24-April-2020,2836.73999
27-April-2020,2878.47998
28-April-2020,2863.389893
29-April-2020,2939.51001
30-April-2020,2912.429932
01-May-2020,2830.709961
04-May-2020,2842.73999
05-May-2020,2868.439941
06-May-2020,2848.419922
07-May-2020,2881.189941
08-May-2020,2929.800049
11-May-2020,2930.189941
12-May-2020,2870.120117
13-May-2020,2820
14-May-2020,2852.5
15-May-2020,2863.699951
18-May-2020,2953.909912
19-May-2020,2922.939941
20-May-2020,2971.610107
21-May-2020,2948.51001
22-May-2020,2955.449951
26-May-2020,2991.77002
27-May-2020,3036.129883
28-May-2020,3029.72998
29-May-2020,3044.310059
01-June-2020,3055.72998
02-June-2020,3080.820068
03-June-2020,3122.870117
04-June-2020,3112.350098
05-June-2020,3193.929932
08-June-2020,3232.389893
09-June-2020,3207.179932
10-June-2020,3190.139893
11-June-2020,3002.100098
12-June-2020,3041.310059
15-June-2020,3066.590088
16-June-2020,3124.73999
17-June-2020,3113.48999
18-June-2020,3115.340088
19-June-2020,3097.73999
22-June-2020,3117.860107
23-June-2020,3131.290039
24-June-2020,3050.330078
25-June-2020,3083.76001
26-June-2020,3009.050049
29-June-2020,3053.23999
30-June-2020,3100.290039
01-July-2020,3115.860107
02-July-2020,3130.01001
06-July-2020,3179.719971
07-July-2020,3145.320068
08-July-2020,3169.939941
09-July-2020,3152.050049
10-July-2020,3185.040039
13-July-2020,3155.219971
14-July-2020,3197.52002
15-July-2020,3226.560059
16-July-2020,3215.570068
17-July-2020,3224.72998
20-July-2020,3251.840088
21-July-2020,3257.300049
22-July-2020,3276.02002
23-July-2020,3235.659912
24-July-2020,3215.629883
27-July-2020,3239.409912
28-July-2020,3218.439941
29-July-2020,3258.439941
30-July-2020,3246.219971
31-July-2020,3271.120117
03-August-2020,3294.610107
04-August-2020,3306.51001
05-August-2020,3327.77002
06-August-2020,3349.159912
07-August-2020,3351.280029
10-August-2020,3360.469971
11-August-2020,3333.689941
12-August-2020,3380.350098
13-August-2020,3373.429932
14-August-2020,3372.850098
17-August-2020,3381.98999
18-August-2020,3389.780029
19-August-2020,3374.850098
20-August-2020,3385.51001
21-August-2020,3397.159912
24-August-2020,3431.280029
25-August-2020,3443.620117
26-August-2020,3478.72998
27-August-2020,3484.550049
28-August-2020,3508.01001
31-August-2020,3500.310059
01-September-2020,3526.649902
02-September-2020,3580.840088
03-September-2020,3455.060059
04-September-2020,3426.959961
08-September-2020,3331.840088
09-September-2020,3398.959961
10-September-2020,3339.189941
11-September-2020,3340.969971
14-September-2020,3383.540039
15-September-2020,3401.199951
16-September-2020,3385.48999
17-September-2020,3357.01001
18-September-2020,3319.469971
21-September-2020,3281.060059
22-September-2020,3315.570068
23-September-2020,3236.919922
24-September-2020,3246.590088
25-September-2020,3298.459961
28-September-2020,3351.600098
29-September-2020,3335.469971
30-September-2020,3363
01-October-2020,3380.800049
02-October-2020,3348.419922
05-October-2020,3408.600098
06-October-2020,3360.969971
07-October-2020,3419.439941
08-October-2020,3446.830078
09-October-2020,3477.139893
12-October-2020,3534.219971
13-October-2020,3511.929932
14-October-2020,3488.669922
15-October-2020,3483.340088
16-October-2020,3483.810059
19-October-2020,3426.919922
20-October-2020,3443.120117
21-October-2020,3435.560059
22-October-2020,3453.48999
23-October-2020,3465.389893
26-October-2020,3400.969971
27-October-2020,3390.679932
28-October-2020,3271.030029
29-October-2020,3310.110107
30-October-2020,3269.959961
02-November-2020,3310.23999
03-November-2020,3369.159912
04-November-2020,3443.439941
05-November-2020,3510.449951
06-November-2020,3509.439941
09-November-2020,3550.5
10-November-2020,3545.530029
11-November-2020,3572.659912
12-November-2020,3537.01001
13-November-2020,3585.149902
16-November-2020,3626.909912
17-November-2020,3609.530029
18-November-2020,3567.790039
19-November-2020,3581.870117
20-November-2020,3557.540039
23-November-2020,3577.590088
24-November-2020,3635.409912
25-November-2020,3629.649902
27-November-2020,3638.350098
30-November-2020,3621.629883
01-December-2020,3662.449951
02-December-2020,3669.01001
03-December-2020,3666.719971
04-December-2020,3699.120117
07-December-2020,3691.959961
08-December-2020,3702.25
09-December-2020,3672.820068
10-December-2020,3668.100098
11-December-2020,3663.459961
14-December-2020,3647.48999
15-December-2020,3694.620117
16-December-2020,3701.169922
17-December-2020,3722.47998
18-December-2020,3709.409912
21-December-2020,3694.919922
22-December-2020,3687.26001
23-December-2020,3690.01001
24-December-2020,3703.060059
28-December-2020,3735.360107
29-December-2020,3727.040039
30-December-2020,3732.040039
31-December-2020,3756.070068
04-January-2021,3700.649902
05-January-2021,3726.860107
06-January-2021,3748.139893
07-January-2021,3803.790039
08-January-2021,3824.679932
11-January-2021,3799.610107
12-January-2021,3801.189941
13-January-2021,3809.840088
14-January-2021,3795.540039
15-January-2021,3768.25
19-January-2021,3798.909912
20-January-2021,3851.850098
21-January-2021,3853.070068
22-January-2021,3841.469971
25-January-2021,3855.360107
26-January-2021,3849.620117
27-January-2021,3750.77002
28-January-2021,3787.379883
29-January-2021,3714.23999
01-February-2021,3773.860107
02-February-2021,3826.310059
03-February-2021,3830.169922
04-February-2021,3871.73999
05-February-2021,3886.830078
08-February-2021,3915.590088
09-February-2021,3911.22998
10-February-2021,3909.879883
11-February-2021,3916.379883
12-February-2021,3934.830078
16-February-2021,3932.590088
17-February-2021,3931.330078
18-February-2021,3913.969971
19-February-2021,3906.709961
22-February-2021,3876.5
23-February-2021,3881.370117
24-February-2021,3925.429932
25-February-2021,3829.340088
26-February-2021,3811.149902
01-March-2021,3901.820068
02-March-2021,3870.290039
03-March-2021,3819.719971
04-March-2021,3768.469971
05-March-2021,3841.939941
08-March-2021,3821.350098
09-March-2021,3875.439941
10-March-2021,3898.810059
11-March-2021,3939.340088
12-March-2021,3943.340088
15-March-2021,3968.939941
16-March-2021,3962.709961
17-March-2021,3974.120117
18-March-2021,3915.459961
19-March-2021,3913.100098
22-March-2021,3940.590088
23-March-2021,3910.52002
24-March-2021,3889.139893
25-March-2021,3909.52002
26-March-2021,3974.540039
29-March-2021,3971.090088
30-March-2021,3958.550049
31-March-2021,3972.889893
01-April-2021,4019.870117
05-April-2021,4077.909912
06-April-2021,4073.939941
07-April-2021,4079.949951
08-April-2021,4097.169922
09-April-2021,4128.799805
12-April-2021,4127.990234
13-April-2021,4141.589844
14-April-2021,4124.660156
15-April-2021,4170.419922
16-April-2021,4185.470215
19-April-2021,4163.259766
20-April-2021,4134.939941
21-April-2021,4173.419922
22-April-2021,4134.97998
23-April-2021,4180.169922
26-April-2021,4187.620117
27-April-2021,4186.720215
28-April-2021,4183.180176
29-April-2021,4211.470215
30-April-2021,4181.169922
03-May-2021,4192.660156
04-May-2021,4164.660156
05-May-2021,4167.589844
06-May-2021,4201.620117
07-May-2021,4232.600098
10-May-2021,4188.430176
11-May-2021,4152.100098
12-May-2021,4063.040039
13-May-2021,4112.5
14-May-2021,4173.850098
17-May-2021,4163.290039
18-May-2021,4127.830078
19-May-2021,4115.680176
20-May-2021,4159.120117
21-May-2021,4155.859863
24-May-2021,4197.049805
25-May-2021,4188.129883
26-May-2021,4195.990234
27-May-2021,4200.879883
28-May-2021,4204.109863
01-June-2021,4202.040039
02-June-2021,4208.120117
03-June-2021,4192.850098
04-June-2021,4229.890137
07-June-2021,4226.52002
08-June-2021,4227.259766
09-June-2021,4219.549805
10-June-2021,4239.180176
11-June-2021,4247.439941
14-June-2021,4255.149902
15-June-2021,4246.589844
16-June-2021,4223.700195
17-June-2021,4221.859863
18-June-2021,4166.450195
21-June-2021,4224.790039
22-June-2021,4246.439941
23-June-2021,4241.839844
24-June-2021,4266.490234
25-June-2021,4280.700195
28-June-2021,4290.609863
29-June-2021,4291.799805
30-June-2021,4297.5
01-July-2021,4319.939941
02-July-2021,4352.339844
06-July-2021,4343.540039
07-July-2021,4358.129883
08-July-2021,4320.819824
09-July-2021,4369.549805
12-July-2021,4384.629883
13-July-2021,4369.209961
14-July-2021,4374.299805
15-July-2021,4360.029785
16-July-2021,4327.160156
19-July-2021,4258.490234
20-July-2021,4323.060059
21-July-2021,4358.689941
22-July-2021,4367.47998
23-July-2021,4411.790039
26-July-2021,4422.299805
27-July-2021,4401.459961
28-July-2021,4400.640137
29-July-2021,4419.149902
30-July-2021,4395.259766
02-August-2021,4387.160156
03-August-2021,4423.149902
04-August-2021,4402.660156
05-August-2021,4429.100098
06-August-2021,4436.52002
09-August-2021,4432.350098
10-August-2021,4436.75
11-August-2021,4442.410156
12-August-2021,4460.830078
13-August-2021,4468
16-August-2021,4479.709961
17-August-2021,4448.080078
18-August-2021,4400.27002
19-August-2021,4405.799805
20-August-2021,4441.669922
23-August-2021,4479.529785
24-August-2021,4486.22998
25-August-2021,4496.189941
26-August-2021,4470
27-August-2021,4509.370117
30-August-2021,4528.790039
31-August-2021,4522.680176
01-September-2021,4524.089844
02-September-2021,4536.950195
03-September-2021,4535.430176
07-September-2021,4520.029785
08-September-2021,4514.069824
09-September-2021,4493.279785
10-September-2021,4458.580078
13-September-2021,4468.72998
14-September-2021,4443.049805
15-September-2021,4480.700195
16-September-2021,4473.75
17-September-2021,4432.990234
20-September-2021,4357.72998
21-September-2021,4354.189941
22-September-2021,4395.640137
23-September-2021,4448.97998
24-September-2021,4455.47998
27-September-2021,4443.109863
28-September-2021,4352.629883
29-September-2021,4359.459961
30-September-2021,4307.540039
01-October-2021,4357.040039
04-October-2021,4300.459961
05-October-2021,4345.720215
06-October-2021,4363.549805
07-October-2021,4399.759766
08-October-2021,4391.339844
11-October-2021,4361.189941
12-October-2021,4350.649902
13-October-2021,4363.799805
14-October-2021,4438.259766
15-October-2021,4471.370117
18-October-2021,4486.459961
19-October-2021,4519.629883
20-October-2021,4536.189941
21-October-2021,4549.779785
22-October-2021,4544.899902
25-October-2021,4566.47998
26-October-2021,4574.790039
27-October-2021,4551.680176
28-October-2021,4596.419922
29-October-2021,4605.379883
01-November-2021,4613.669922
02-November-2021,4630.649902
03-November-2021,4660.569824
04-November-2021,4680.060059
05-November-2021,4697.529785
08-November-2021,4701.700195
09-November-2021,4685.25
10-November-2021,4646.709961
11-November-2021,4649.27002
12-November-2021,4682.850098
15-November-2021,4682.799805
16-November-2021,4700.899902
17-November-2021,4688.669922
18-November-2021,4704.540039
19-November-2021,4697.959961
22-November-2021,4682.939941
23-November-2021,4690.700195
24-November-2021,4701.459961
26-November-2021,4594.620117
29-November-2021,4655.27002
30-November-2021,4567
01-December-2021,4513.040039
02-December-2021,4577.100098
03-December-2021,4538.430176
06-December-2021,4591.669922
07-December-2021,4686.75
08-December-2021,4701.209961
09-December-2021,4667.450195
10-December-2021,4712.02002
13-December-2021,4668.970215
14-December-2021,4634.089844
15-December-2021,4709.850098
16-December-2021,4668.669922
17-December-2021,4620.640137
20-December-2021,4568.02002
21-December-2021,4649.22998
22-December-2021,4696.560059
23-December-2021,4725.790039
27-December-2021,4791.189941
28-December-2021,4786.350098
29-December-2021,4793.060059
30-December-2021,4778.72998
31-December-2021,4766.180176
03-January-2022,4796.560059
04-January-2022,4793.540039
05-January-2022,4700.580078
06-January-2022,4696.049805
07-January-2022,4677.029785
10-January-2022,4670.290039
11-January-2022,4713.069824
12-January-2022,4726.350098
13-January-2022,4659.029785
14-January-2022,4662.850098
18-January-2022,4577.109863
19-January-2022,4532.759766
20-January-2022,4482.72998
21-January-2022,4397.939941
24-January-2022,4410.129883
25-January-2022,4356.450195
26-January-2022,4349.930176
27-January-2022,4326.509766
28-January-2022,4431.850098
31-January-2022,4515.549805
01-February-2022,4546.540039
02-February-2022,4589.379883
03-February-2022,4477.439941
04-February-2022,4500.529785
07-February-2022,4483.870117
08-February-2022,4521.540039
09-February-2022,4587.180176
10-February-2022,4504.080078
11-February-2022,4418.640137
14-February-2022,4401.669922
15-February-2022,4471.069824
16-February-2022,4475.009766
17-February-2022,4380.259766
18-February-2022,4348.870117
22-February-2022,4304.759766
23-February-2022,4225.5
24-February-2022,4288.700195
25-February-2022,4384.649902
28-February-2022,4373.939941
01-March-2022,4306.259766
02-March-2022,4386.540039
03-March-2022,4363.490234
04-March-2022,4328.870117
07-March-2022,4201.089844
08-March-2022,4170.700195
09-March-2022,4277.879883
10-March-2022,4259.52002
11-March-2022,4204.310059
14-March-2022,4173.109863
15-March-2022,4262.450195
16-March-2022,4357.859863
17-March-2022,4411.669922
18-March-2022,4463.120117
21-March-2022,4461.180176
22-March-2022,4511.609863
23-March-2022,4456.240234
24-March-2022,4520.160156
25-March-2022,4543.060059
28-March-2022,4575.52002
29-March-2022,4631.600098
30-March-2022,4602.450195
31-March-2022,4530.410156
01-April-2022,4545.859863
04-April-2022,4582.640137
05-April-2022,4525.120117
06-April-2022,4481.149902
07-April-2022,4500.209961
08-April-2022,4488.279785
11-April-2022,4412.529785
12-April-2022,4397.450195
13-April-2022,4446.589844
14-April-2022,4392.589844
18-April-2022,4391.689941
19-April-2022,4462.209961
20-April-2022,4459.450195
21-April-2022,4393.660156
22-April-2022,4271.779785
25-April-2022,4296.120117
26-April-2022,4175.200195
27-April-2022,4183.959961
28-April-2022,4287.5
29-April-2022,4131.930176
02-May-2022,4155.379883
03-May-2022,4175.47998
04-May-2022,4300.169922
05-May-2022,4146.870117
06-May-2022,4123.339844
09-May-2022,3991.23999
10-May-2022,4001.050049
11-May-2022,3935.179932
12-May-2022,3930.080078
13-May-2022,4023.889893
16-May-2022,4008.01001
17-May-2022,4088.850098
18-May-2022,3923.679932
19-May-2022,3900.790039
20-May-2022,3901.360107
23-May-2022,3973.75
24-May-2022,3941.47998
25-May-2022,3978.72998
26-May-2022,4057.840088
27-May-2022,4158.240234
31-May-2022,4132.149902
01-June-2022,4101.22998
02-June-2022,4176.819824
03-June-2022,4108.540039
06-June-2022,4121.430176
07-June-2022,4160.680176
08-June-2022,4115.77002
09-June-2022,4017.820068
10-June-2022,3900.860107
13-June-2022,3749.629883
14-June-2022,3735.47998
15-June-2022,3789.98999
16-June-2022,3666.77002
17-June-2022,3674.840088
21-June-2022,3764.790039
22-June-2022,3759.889893
23-June-2022,3795.72998
24-June-2022,3911.73999
27-June-2022,3900.110107
28-June-2022,3821.550049
29-June-2022,3818.830078
30-June-2022,3785.379883
01-July-2022,3825.330078
05-July-2022,3831.389893
06-July-2022,3845.080078
07-July-2022,3902.620117
08-July-2022,3899.379883
11-July-2022,3854.429932
12-July-2022,3818.800049
13-July-2022,3801.780029
14-July-2022,3790.379883
15-July-2022,3863.159912
18-July-2022,3830.850098
19-July-2022,3936.689941
20-July-2022,3959.899902
21-July-2022,3998.949951
22-July-2022,3961.629883
25-July-2022,3966.840088
26-July-2022,3921.050049
27-July-2022,4023.610107
28-July-2022,4072.429932
29-July-2022,4130.290039
01-August-2022,4118.629883
02-August-2022,4091.189941
03-August-2022,4155.169922
04-August-2022,4151.939941
05-August-2022,4145.189941
08-August-2022,4140.060059
09-August-2022,4122.470215
10-August-2022,4210.240234
11-August-2022,4207.27002
12-August-2022,4280.149902
15-August-2022,4297.140137
16-August-2022,4305.200195
17-August-2022,4274.040039
18-August-2022,4283.740234
19-August-2022,4228.47998
22-August-2022,4137.990234
23-August-2022,4128.72998
24-August-2022,4140.77002
25-August-2022,4199.120117
26-August-2022,4057.659912
29-August-2022,4030.610107
30-August-2022,3986.159912
31-August-2022,3955
01-September-2022,3966.850098
02-September-2022,3924.26001
06-September-2022,3908.189941
07-September-2022,3979.870117
08-September-2022,4006.179932
09-September-2022,4067.360107
12-September-2022,4110.410156
13-September-2022,3932.689941
14-September-2022,3946.01001
15-September-2022,3901.350098
16-September-2022,3873.330078
19-September-2022,3899.889893
20-September-2022,3855.929932
21-September-2022,3789.929932
22-September-2022,3757.98999
23-September-2022,3693.22998
26-September-2022,3655.040039
27-September-2022,3647.290039
28-September-2022,3719.040039
29-September-2022,3640.469971
30-September-2022,3585.620117
03-October-2022,3678.429932
04-October-2022,3790.929932
05-October-2022,3783.280029
06-October-2022,3744.52002
07-October-2022,3639.659912
10-October-2022,3612.389893
11-October-2022,3588.840088
12-October-2022,3577.030029
13-October-2022,3669.909912
14-October-2022,3583.070068
17-October-2022,3677.949951
18-October-2022,3719.97998
19-October-2022,3695.159912
20-October-2022,3665.780029
21-October-2022,3752.75
24-October-2022,3797.340088
25-October-2022,3859.110107
26-October-2022,3830.600098
27-October-2022,3807.300049
28-October-2022,3901.060059
31-October-2022,3871.97998
01-November-2022,3856.100098
02-November-2022,3759.689941
03-November-2022,3719.889893
04-November-2022,3770.550049
07-November-2022,3806.800049
08-November-2022,3828.110107
09-November-2022,3748.570068
10-November-2022,3956.370117
11-November-2022,3992.929932
14-November-2022,3957.25
15-November-2022,3991.72998
16-November-2022,3958.790039
17-November-2022,3946.560059
18-November-2022,3965.340088
21-November-2022,3949.939941
22-November-2022,4003.580078
23-November-2022,4027.26001
25-November-2022,4026.120117
28-November-2022,3963.939941
29-November-2022,3957.629883
30-November-2022,4080.110107
01-December-2022,4076.570068
02-December-2022,4071.699951
05-December-2022,3998.840088
06-December-2022,3941.26001
07-December-2022,3933.919922
08-December-2022,3963.51001
09-December-2022,3934.379883
12-December-2022,3990.560059
13-December-2022,4019.649902
14-December-2022,3995.320068
15-December-2022,3895.75
16-December-2022,3852.360107
19-December-2022,3817.659912
20-December-2022,3821.620117
21-December-2022,3878.439941
22-December-2022,3822.389893
23-December-2022,3844.820068
27-December-2022,3829.25
28-December-2022,3783.219971
29-December-2022,3849.280029
30-December-2022,3839.5
03-January-2023,3824.139893
04-January-2023,3852.969971
05-January-2023,3808.100098
06-January-2023,3895.080078
09-January-2023,3892.090088
10-January-2023,3919.25
11-January-2023,3969.610107
12-January-2023,3983.169922
13-January-2023,3999.090088
17-January-2023,3990.969971
18-January-2023,3928.860107
19-January-2023,3898.850098
20-January-2023,3972.610107
23-January-2023,4019.810059
24-January-2023,4016.949951
25-January-2023,4016.219971
26-January-2023,4060.429932
27-January-2023,4070.560059
30-January-2023,4017.77002
31-January-2023,4076.600098
01-February-2023,4119.209961
02-February-2023,4179.759766
03-February-2023,4136.47998
06-February-2023,4111.080078
07-February-2023,4164
08-February-2023,4117.859863
09-February-2023,4081.5
10-February-2023,4090.459961
13-February-2023,4137.290039
14-February-2023,4136.129883
15-February-2023,4147.600098
16-February-2023,4090.409912
17-February-2023,4079.090088
21-February-2023,3997.340088
22-February-2023,3991.050049
23-February-2023,4012.320068
24-February-2023,3970.040039
27-February-2023,3982.23999
28-February-2023,3970.149902
01-March-2023,3951.389893
02-March-2023,3981.350098
03-March-2023,4045.639893
06-March-2023,4048.419922
07-March-2023,3986.370117
08-March-2023,3992.01001
09-March-2023,3918.320068
10-March-2023,3861.590088
13-March-2023,3855.76001
14-March-2023,3919.290039
15-March-2023,3891.929932
16-March-2023,3960.280029
17-March-2023,3916.639893
20-March-2023,3951.570068
21-March-2023,4002.870117
22-March-2023,3936.969971
23-March-2023,3948.719971
24-March-2023,3970.98999
27-March-2023,3977.530029
28-March-2023,3971.27002
29-March-2023,4027.810059
30-March-2023,4050.830078
31-March-2023,4109.310059
03-April-2023,4124.509766
04-April-2023,4100.600098
05-April-2023,4090.379883
06-April-2023,4105.02002
10-April-2023,4109.109863
11-April-2023,4108.939941
12-April-2023,4091.949951
13-April-2023,4146.220215
14-April-2023,4137.640137
17-April-2023,4151.319824
18-April-2023,4154.870117
19-April-2023,4154.52002
20-April-2023,4129.790039
21-April-2023,4133.52002
24-April-2023,4137.040039
25-April-2023,4071.629883
26-April-2023,4055.98999
27-April-2023,4135.350098
28-April-2023,4169.47998
