Date,WTI
02-January-2015,52.68999863
05-January-2015,50.04000092
06-January-2015,47.93000031
07-January-2015,48.65000153
08-January-2015,48.79000092
09-January-2015,48.36000061
12-January-2015,46.06999969
13-January-2015,45.88999939
14-January-2015,48.47999954
15-January-2015,46.25
16-January-2015,48.68999863
20-January-2015,46.38999939
21-January-2015,47.77999878
22-January-2015,46.31000137
23-January-2015,45.59000015
26-January-2015,45.15000153
27-January-2015,46.22999954
28-January-2015,44.45000076
29-January-2015,44.52999878
30-January-2015,48.24000168
02-February-2015,49.56999969
03-February-2015,53.04999924
04-February-2015,48.45000076
05-February-2015,50.47999954
06-February-2015,51.68999863
09-February-2015,52.86000061
10-February-2015,50.02000046
11-February-2015,48.84000015
12-February-2015,51.20999908
13-February-2015,52.77999878
17-February-2015,53.52999878
18-February-2015,52.13999939
19-February-2015,51.15999985
20-February-2015,50.34000015
23-February-2015,49.45000076
24-February-2015,49.27999878
25-February-2015,50.99000168
26-February-2015,48.16999817
27-February-2015,49.75999832
02-March-2015,49.59000015
03-March-2015,50.52000046
04-March-2015,51.52999878
05-March-2015,50.75999832
06-March-2015,49.61000061
09-March-2015,50
10-March-2015,48.29000092
11-March-2015,48.16999817
12-March-2015,47.04999924
13-March-2015,44.84000015
16-March-2015,43.88000107
17-March-2015,43.45999908
18-March-2015,44.65999985
19-March-2015,43.95999908
20-March-2015,45.72000122
23-March-2015,47.45000076
24-March-2015,47.50999832
25-March-2015,49.20999908
26-March-2015,51.43000031
27-March-2015,48.86999893
30-March-2015,48.68000031
31-March-2015,47.59999847
01-April-2015,50.09000015
02-April-2015,49.13999939
06-April-2015,52.13999939
07-April-2015,53.97999954
08-April-2015,50.41999817
09-April-2015,50.79000092
10-April-2015,51.63999939
13-April-2015,51.90999985
14-April-2015,53.29000092
15-April-2015,56.38999939
16-April-2015,56.70999908
17-April-2015,55.74000168
20-April-2015,56.38000107
21-April-2015,55.25999832
22-April-2015,56.15999985
23-April-2015,57.74000168
24-April-2015,57.15000153
27-April-2015,56.99000168
28-April-2015,57.06000137
29-April-2015,58.58000183
30-April-2015,59.63000107
01-May-2015,59.15000153
04-May-2015,58.93000031
05-May-2015,60.40000153
06-May-2015,60.93000031
07-May-2015,58.93999863
08-May-2015,59.38999939
11-May-2015,59.25
12-May-2015,60.75
13-May-2015,60.5
14-May-2015,59.88000107
15-May-2015,59.68999863
18-May-2015,59.43000031
19-May-2015,57.25999832
20-May-2015,58.97999954
21-May-2015,60.72000122
22-May-2015,59.72000122
26-May-2015,58.02999878
27-May-2015,57.50999832
28-May-2015,57.68000031
29-May-2015,60.29999924
01-June-2015,60.20000076
02-June-2015,61.25999832
03-June-2015,59.63999939
04-June-2015,58
05-June-2015,59.13000107
08-June-2015,58.13999939
09-June-2015,60.13999939
10-June-2015,61.43000031
11-June-2015,60.77000046
12-June-2015,59.95999908
15-June-2015,59.52000046
16-June-2015,59.97000122
17-June-2015,59.91999817
18-June-2015,60.45000076
19-June-2015,59.61000061
22-June-2015,59.68000031
23-June-2015,61.00999832
24-June-2015,60.27000046
25-June-2015,59.70000076
26-June-2015,59.63000107
29-June-2015,58.33000183
30-June-2015,59.47000122
01-July-2015,56.95999908
02-July-2015,56.93000031
06-July-2015,52.52999878
07-July-2015,52.33000183
08-July-2015,51.65000153
09-July-2015,52.77999878
10-July-2015,52.74000168
13-July-2015,52.20000076
14-July-2015,53.04000092
15-July-2015,51.40999985
16-July-2015,50.90999985
17-July-2015,50.88999939
20-July-2015,50.15000153
21-July-2015,50.36000061
22-July-2015,49.18999863
23-July-2015,48.45000076
24-July-2015,48.13999939
27-July-2015,47.38999939
28-July-2015,47.97999954
29-July-2015,48.79000092
30-July-2015,48.52000046
31-July-2015,47.11999893
03-August-2015,45.16999817
04-August-2015,45.74000168
05-August-2015,45.15000153
06-August-2015,44.65999985
07-August-2015,43.86999893
10-August-2015,44.95999908
11-August-2015,43.08000183
12-August-2015,43.29999924
13-August-2015,42.22999954
14-August-2015,42.5
17-August-2015,41.86999893
18-August-2015,42.61999893
19-August-2015,40.79999924
20-August-2015,41.13999939
21-August-2015,40.45000076
24-August-2015,38.24000168
25-August-2015,39.31000137
26-August-2015,38.59999847
27-August-2015,42.56000137
28-August-2015,45.22000122
31-August-2015,49.20000076
01-September-2015,45.40999985
02-September-2015,46.25
03-September-2015,46.75
04-September-2015,46.04999924
08-September-2015,45.93999863
09-September-2015,44.15000153
10-September-2015,45.91999817
11-September-2015,44.63000107
14-September-2015,44
15-September-2015,44.59000015
16-September-2015,47.15000153
17-September-2015,46.90000153
18-September-2015,44.68000031
21-September-2015,46.68000031
22-September-2015,45.83000183
23-September-2015,44.47999954
24-September-2015,44.90999985
25-September-2015,45.70000076
28-September-2015,44.43000031
29-September-2015,45.22999954
30-September-2015,45.09000015
01-October-2015,44.74000168
02-October-2015,45.54000092
05-October-2015,46.25999832
06-October-2015,48.52999878
07-October-2015,47.81000137
08-October-2015,49.43000031
09-October-2015,49.63000107
12-October-2015,47.09999847
13-October-2015,46.65999985
14-October-2015,46.63999939
15-October-2015,46.38000107
16-October-2015,47.25999832
19-October-2015,45.88999939
20-October-2015,45.54999924
21-October-2015,45.20000076
22-October-2015,45.38000107
23-October-2015,44.59999847
26-October-2015,43.97999954
27-October-2015,43.20000076
28-October-2015,45.93999863
29-October-2015,46.06000137
30-October-2015,46.59000015
02-November-2015,46.13999939
03-November-2015,47.90000153
04-November-2015,46.31999969
05-November-2015,45.20000076
06-November-2015,44.29000092
09-November-2015,43.86999893
10-November-2015,44.20999908
11-November-2015,42.93000031
12-November-2015,41.75
13-November-2015,40.74000168
16-November-2015,41.74000168
17-November-2015,40.66999817
18-November-2015,40.75
19-November-2015,40.54000092
20-November-2015,40.38999939
23-November-2015,41.75
24-November-2015,42.86999893
25-November-2015,43.04000092
27-November-2015,41.70999908
30-November-2015,41.65000153
01-December-2015,41.84999847
02-December-2015,39.93999863
03-December-2015,41.08000183
04-December-2015,39.97000122
07-December-2015,37.65000153
08-December-2015,37.50999832
09-December-2015,37.15999985
10-December-2015,36.75999832
11-December-2015,35.61999893
14-December-2015,36.31000137
15-December-2015,37.34999847
16-December-2015,35.52000046
17-December-2015,34.95000076
18-December-2015,34.72999954
21-December-2015,34.74000168
22-December-2015,36.13999939
23-December-2015,37.5
24-December-2015,38.09999847
28-December-2015,36.81000137
29-December-2015,37.86999893
30-December-2015,36.59999847
31-December-2015,37.04000092
04-January-2016,36.75999832
05-January-2016,35.97000122
06-January-2016,33.97000122
07-January-2016,33.27000046
08-January-2016,33.15999985
11-January-2016,31.40999985
12-January-2016,30.44000053
13-January-2016,30.47999954
14-January-2016,31.20000076
15-January-2016,29.42000008
19-January-2016,28.45999908
20-January-2016,26.54999924
21-January-2016,29.53000069
22-January-2016,32.18999863
25-January-2016,30.34000015
26-January-2016,31.45000076
27-January-2016,32.29999924
28-January-2016,33.22000122
29-January-2016,33.61999893
01-February-2016,31.62000084
02-February-2016,29.87999916
03-February-2016,32.27999878
04-February-2016,31.71999931
05-February-2016,30.88999939
08-February-2016,29.69000053
09-February-2016,27.94000053
10-February-2016,27.45000076
11-February-2016,26.20999908
12-February-2016,29.44000053
16-February-2016,29.04000092
17-February-2016,30.65999985
18-February-2016,30.77000046
19-February-2016,29.63999939
22-February-2016,31.47999954
23-February-2016,31.87000084
24-February-2016,32.15000153
25-February-2016,33.06999969
26-February-2016,32.77999878
29-February-2016,33.75
01-March-2016,34.40000153
02-March-2016,34.65999985
03-March-2016,34.56999969
04-March-2016,35.91999817
07-March-2016,37.90000153
08-March-2016,36.5
09-March-2016,38.29000092
10-March-2016,37.84000015
11-March-2016,38.5
14-March-2016,37.18000031
15-March-2016,36.34000015
16-March-2016,38.45999908
17-March-2016,40.20000076
18-March-2016,39.43999863
21-March-2016,39.90999985
22-March-2016,41.45000076
23-March-2016,39.79000092
24-March-2016,39.45999908
28-March-2016,39.38999939
29-March-2016,38.27999878
30-March-2016,38.31999969
31-March-2016,38.34000015
01-April-2016,36.79000092
04-April-2016,35.70000076
05-April-2016,35.88999939
06-April-2016,37.75
07-April-2016,37.25999832
08-April-2016,39.72000122
11-April-2016,40.36000061
12-April-2016,42.16999817
13-April-2016,41.75999832
14-April-2016,41.5
15-April-2016,40.36000061
18-April-2016,39.77999878
19-April-2016,41.08000183
20-April-2016,42.63000107
21-April-2016,43.18000031
22-April-2016,43.72999954
25-April-2016,42.63999939
26-April-2016,44.04000092
27-April-2016,45.33000183
28-April-2016,46.02999878
29-April-2016,45.91999817
02-May-2016,44.77999878
03-May-2016,43.65000153
04-May-2016,43.77999878
05-May-2016,44.31999969
06-May-2016,44.65999985
09-May-2016,43.43999863
10-May-2016,44.65999985
11-May-2016,46.22999954
12-May-2016,46.70000076
13-May-2016,46.20999908
16-May-2016,47.72000122
17-May-2016,48.31000137
18-May-2016,48.18999863
19-May-2016,48.15999985
20-May-2016,47.75
23-May-2016,48.08000183
24-May-2016,48.61999893
25-May-2016,49.56000137
26-May-2016,49.47999954
27-May-2016,49.33000183
31-May-2016,49.09999847
01-June-2016,49.00999832
02-June-2016,49.16999817
03-June-2016,48.61999893
06-June-2016,49.68999863
07-June-2016,50.36000061
08-June-2016,51.22999954
09-June-2016,50.56000137
10-June-2016,49.06999969
13-June-2016,48.88000107
14-June-2016,48.49000168
15-June-2016,48.00999832
16-June-2016,46.20999908
17-June-2016,47.97999954
20-June-2016,49.36999893
21-June-2016,48.84999847
22-June-2016,49.13000107
23-June-2016,50.11000061
24-June-2016,47.63999939
27-June-2016,46.33000183
28-June-2016,47.84999847
29-June-2016,49.88000107
30-June-2016,48.33000183
01-July-2016,48.99000168
05-July-2016,46.59999847
06-July-2016,47.43000031
07-July-2016,45.13999939
08-July-2016,45.40999985
11-July-2016,44.75999832
12-July-2016,46.79999924
13-July-2016,44.75
14-July-2016,45.68000031
15-July-2016,45.95000076
18-July-2016,45.24000168
19-July-2016,44.65000153
20-July-2016,44.93999863
21-July-2016,44.75
22-July-2016,44.18999863
25-July-2016,43.13000107
26-July-2016,42.91999817
27-July-2016,41.91999817
28-July-2016,41.13999939
29-July-2016,41.59999847
01-August-2016,40.06000137
02-August-2016,39.50999832
03-August-2016,40.83000183
04-August-2016,41.93000031
05-August-2016,41.79999924
08-August-2016,43.02000046
09-August-2016,42.77000046
10-August-2016,41.70999908
11-August-2016,43.49000168
12-August-2016,44.49000168
15-August-2016,45.74000168
16-August-2016,46.58000183
17-August-2016,46.79000092
18-August-2016,48.22000122
19-August-2016,48.52000046
22-August-2016,47.04999924
23-August-2016,48.09999847
24-August-2016,46.77000046
25-August-2016,47.33000183
26-August-2016,47.63999939
29-August-2016,46.97999954
30-August-2016,46.34999847
31-August-2016,44.70000076
01-September-2016,43.15999985
02-September-2016,44.43999863
06-September-2016,44.83000183
07-September-2016,45.5
08-September-2016,47.61999893
09-September-2016,45.88000107
12-September-2016,46.29000092
13-September-2016,44.90000153
14-September-2016,43.58000183
15-September-2016,43.90999985
16-September-2016,43.02999878
19-September-2016,43.29999924
20-September-2016,43.43999863
21-September-2016,45.34000015
22-September-2016,46.31999969
23-September-2016,44.47999954
26-September-2016,45.93000031
27-September-2016,44.66999817
28-September-2016,47.04999924
29-September-2016,47.83000183
30-September-2016,48.24000168
03-October-2016,48.81000137
04-October-2016,48.68999863
05-October-2016,49.83000183
06-October-2016,50.43999863
07-October-2016,49.81000137
11-October-2016,50.79000092
12-October-2016,50.18000031
13-October-2016,50.43999863
14-October-2016,50.34999847
17-October-2016,49.93999863
18-October-2016,50.29000092
19-October-2016,51.59999847
20-October-2016,50.43000031
21-October-2016,50.84999847
24-October-2016,50.52000046
25-October-2016,49.95999908
26-October-2016,49.18000031
27-October-2016,49.72000122
28-October-2016,48.70000076
31-October-2016,46.86000061
01-November-2016,46.66999817
02-November-2016,45.34000015
03-November-2016,44.65999985
04-November-2016,44.06999969
07-November-2016,44.88999939
08-November-2016,44.97999954
09-November-2016,45.27000046
10-November-2016,44.65999985
14-November-2016,43.31999969
15-November-2016,45.81000137
16-November-2016,45.56999969
17-November-2016,45.41999817
18-November-2016,45.68999863
21-November-2016,47.49000168
22-November-2016,48.02999878
23-November-2016,47.95999908
25-November-2016,46.06000137
28-November-2016,47.08000183
29-November-2016,45.22999954
30-November-2016,49.43999863
01-December-2016,51.06000137
02-December-2016,51.68000031
05-December-2016,51.79000092
06-December-2016,50.93000031
07-December-2016,49.77000046
08-December-2016,50.84000015
09-December-2016,51.5
12-December-2016,52.83000183
13-December-2016,52.97999954
14-December-2016,51.04000092
15-December-2016,50.90000153
16-December-2016,51.90000153
19-December-2016,52.11999893
20-December-2016,52.22999954
21-December-2016,52.49000168
22-December-2016,52.95000076
23-December-2016,53.02000046
27-December-2016,53.90000153
28-December-2016,54.06000137
29-December-2016,53.77000046
30-December-2016,53.72000122
03-January-2017,52.33000183
04-January-2017,53.25999832
05-January-2017,53.75999832
06-January-2017,53.99000168
09-January-2017,51.95999908
10-January-2017,50.81999969
11-January-2017,52.25
12-January-2017,53.00999832
13-January-2017,52.36999893
17-January-2017,52.47999954
18-January-2017,51.08000183
19-January-2017,51.36999893
20-January-2017,52.41999817
23-January-2017,52.75
24-January-2017,53.18000031
25-January-2017,52.75
26-January-2017,53.77999878
27-January-2017,53.16999817
30-January-2017,52.63000107
31-January-2017,52.81000137
01-February-2017,53.88000107
02-February-2017,53.54000092
03-February-2017,53.83000183
06-February-2017,53.00999832
07-February-2017,52.16999817
08-February-2017,52.34000015
09-February-2017,53
10-February-2017,53.86000061
13-February-2017,52.93000031
14-February-2017,53.20000076
15-February-2017,53.11000061
16-February-2017,53.36000061
17-February-2017,53.40000153
21-February-2017,54.06000137
22-February-2017,53.59000015
23-February-2017,54.45000076
24-February-2017,53.99000168
27-February-2017,54.04999924
28-February-2017,54.00999832
01-March-2017,53.83000183
02-March-2017,52.61000061
03-March-2017,53.33000183
06-March-2017,53.20000076
07-March-2017,53.13999939
08-March-2017,50.27999878
09-March-2017,49.27999878
10-March-2017,48.49000168
13-March-2017,48.40000153
14-March-2017,47.72000122
15-March-2017,48.86000061
16-March-2017,48.75
17-March-2017,48.77999878
20-March-2017,48.22000122
21-March-2017,47.34000015
22-March-2017,48.04000092
23-March-2017,47.70000076
24-March-2017,47.97000122
27-March-2017,47.72999954
28-March-2017,48.36999893
29-March-2017,49.50999832
30-March-2017,50.34999847
31-March-2017,50.59999847
03-April-2017,50.24000168
04-April-2017,51.02999878
05-April-2017,51.15000153
06-April-2017,51.70000076
07-April-2017,52.24000168
10-April-2017,53.08000183
11-April-2017,53.40000153
12-April-2017,53.11000061
13-April-2017,53.18000031
17-April-2017,52.65000153
18-April-2017,52.40999985
19-April-2017,50.43999863
20-April-2017,50.27000046
21-April-2017,49.61999893
24-April-2017,49.22999954
25-April-2017,49.56000137
26-April-2017,49.61999893
27-April-2017,48.97000122
28-April-2017,49.33000183
01-May-2017,48.84000015
02-May-2017,47.65999985
03-May-2017,47.81999969
04-May-2017,45.52000046
05-May-2017,46.22000122
08-May-2017,46.43000031
09-May-2017,45.88000107
10-May-2017,47.33000183
11-May-2017,47.83000183
12-May-2017,47.84000015
15-May-2017,48.84999847
16-May-2017,48.65999985
17-May-2017,49.06999969
18-May-2017,49.34999847
19-May-2017,50.33000183
22-May-2017,50.72999954
23-May-2017,51.47000122
24-May-2017,51.36000061
25-May-2017,48.90000153
26-May-2017,49.79999924
30-May-2017,49.65999985
31-May-2017,48.31999969
01-June-2017,48.36000061
02-June-2017,47.65999985
05-June-2017,47.40000153
06-June-2017,48.18999863
07-June-2017,45.72000122
08-June-2017,45.63999939
09-June-2017,45.83000183
12-June-2017,46.08000183
13-June-2017,46.45999908
14-June-2017,44.72999954
15-June-2017,44.45999908
16-June-2017,44.74000168
19-June-2017,44.20000076
20-June-2017,43.22999954
21-June-2017,42.52999878
22-June-2017,42.74000168
23-June-2017,43.00999832
26-June-2017,43.38000107
27-June-2017,44.24000168
28-June-2017,44.74000168
29-June-2017,44.93000031
30-June-2017,46.04000092
03-July-2017,47.06999969
05-July-2017,45.13000107
06-July-2017,45.52000046
07-July-2017,44.22999954
10-July-2017,44.40000153
11-July-2017,45.04000092
12-July-2017,45.49000168
13-July-2017,46.08000183
14-July-2017,46.54000092
17-July-2017,46.02000046
18-July-2017,46.40000153
19-July-2017,47.11999893
20-July-2017,46.79000092
21-July-2017,45.77000046
24-July-2017,46.34000015
25-July-2017,47.88999939
26-July-2017,48.75
27-July-2017,49.04000092
28-July-2017,49.70999908
31-July-2017,50.16999817
01-August-2017,49.15999985
02-August-2017,49.59000015
03-August-2017,49.02999878
04-August-2017,49.58000183
07-August-2017,49.38999939
08-August-2017,49.16999817
09-August-2017,49.56000137
10-August-2017,48.59000015
11-August-2017,48.81999969
14-August-2017,47.59000015
15-August-2017,47.54999924
16-August-2017,46.77999878
17-August-2017,47.09000015
18-August-2017,48.50999832
21-August-2017,47.36999893
22-August-2017,47.63999939
23-August-2017,48.40999985
24-August-2017,47.43000031
25-August-2017,47.86999893
28-August-2017,46.56999969
29-August-2017,46.43999863
30-August-2017,45.95999908
31-August-2017,47.22999954
01-September-2017,47.29000092
05-September-2017,48.65999985
06-September-2017,49.15999985
07-September-2017,49.09000015
08-September-2017,47.47999954
11-September-2017,48.06999969
12-September-2017,48.22999954
13-September-2017,49.29999924
14-September-2017,49.88999939
15-September-2017,49.88999939
18-September-2017,49.90999985
19-September-2017,49.47999954
20-September-2017,50.40999985
21-September-2017,50.54999924
22-September-2017,50.65999985
25-September-2017,52.22000122
26-September-2017,51.88000107
27-September-2017,52.13999939
28-September-2017,51.56000137
29-September-2017,51.66999817
02-October-2017,50.58000183
03-October-2017,50.41999817
04-October-2017,49.97999954
05-October-2017,50.79000092
06-October-2017,49.29000092
09-October-2017,49.58000183
10-October-2017,50.91999817
11-October-2017,51.29999924
12-October-2017,50.59999847
13-October-2017,51.45000076
16-October-2017,51.86999893
17-October-2017,51.88000107
18-October-2017,52.04000092
19-October-2017,51.29000092
20-October-2017,51.47000122
23-October-2017,51.90000153
24-October-2017,52.47000122
25-October-2017,52.18000031
26-October-2017,52.63999939
27-October-2017,53.90000153
30-October-2017,54.15000153
31-October-2017,54.38000107
01-November-2017,54.29999924
02-November-2017,54.54000092
03-November-2017,55.63999939
06-November-2017,57.34999847
07-November-2017,57.20000076
08-November-2017,56.81000137
09-November-2017,57.16999817
10-November-2017,56.74000168
13-November-2017,56.75999832
14-November-2017,55.70000076
15-November-2017,55.33000183
16-November-2017,55.13999939
17-November-2017,56.54999924
20-November-2017,56.09000015
21-November-2017,56.83000183
22-November-2017,58.02000046
24-November-2017,58.95000076
27-November-2017,58.11000061
28-November-2017,57.99000168
29-November-2017,57.29999924
30-November-2017,57.40000153
01-December-2017,58.36000061
04-December-2017,57.47000122
05-December-2017,57.61999893
06-December-2017,55.95999908
07-December-2017,56.68999863
08-December-2017,57.36000061
11-December-2017,57.99000168
12-December-2017,57.13999939
13-December-2017,56.59999847
14-December-2017,57.04000092
15-December-2017,57.29999924
18-December-2017,57.15999985
19-December-2017,57.45999908
20-December-2017,58.09000015
21-December-2017,58.36000061
22-December-2017,58.47000122
26-December-2017,59.97000122
27-December-2017,59.63999939
28-December-2017,59.84000015
29-December-2017,60.41999817
02-January-2018,60.36999893
03-January-2018,61.63000107
04-January-2018,62.00999832
05-January-2018,61.43999863
08-January-2018,61.72999954
09-January-2018,62.95999908
10-January-2018,63.56999969
11-January-2018,63.79999924
12-January-2018,64.30000305
16-January-2018,63.72999954
17-January-2018,63.97000122
18-January-2018,63.95000076
19-January-2018,63.36999893
22-January-2018,63.49000168
23-January-2018,64.47000122
24-January-2018,65.61000061
25-January-2018,65.51000214
26-January-2018,66.13999939
29-January-2018,65.55999756
30-January-2018,64.5
31-January-2018,64.73000336
01-February-2018,65.80000305
02-February-2018,65.44999695
05-February-2018,64.15000153
06-February-2018,63.38999939
07-February-2018,61.79000092
08-February-2018,61.15000153
09-February-2018,59.20000076
12-February-2018,59.29000092
13-February-2018,59.18999863
14-February-2018,60.59999847
15-February-2018,61.34000015
16-February-2018,61.68000031
20-February-2018,61.90000153
21-February-2018,61.68000031
22-February-2018,62.77000046
23-February-2018,63.54999924
26-February-2018,63.90999985
27-February-2018,63.00999832
28-February-2018,61.63999939
01-March-2018,60.99000168
02-March-2018,61.25
05-March-2018,62.56999969
06-March-2018,62.59999847
07-March-2018,61.15000153
08-March-2018,60.11999893
09-March-2018,62.04000092
12-March-2018,61.36000061
13-March-2018,60.70999908
14-March-2018,60.95999908
15-March-2018,61.18999863
16-March-2018,62.34000015
19-March-2018,62.06000137
20-March-2018,63.40000153
21-March-2018,65.16999817
22-March-2018,64.30000305
23-March-2018,65.87999725
26-March-2018,65.55000305
27-March-2018,65.25
28-March-2018,64.37999725
29-March-2018,64.94000244
02-April-2018,63.00999832
03-April-2018,63.50999832
04-April-2018,63.36999893
05-April-2018,63.54000092
06-April-2018,62.06000137
09-April-2018,63.41999817
10-April-2018,65.51000214
11-April-2018,66.81999969
12-April-2018,67.06999969
13-April-2018,67.38999939
16-April-2018,66.22000122
17-April-2018,66.51999664
18-April-2018,68.47000122
19-April-2018,68.29000092
20-April-2018,68.37999725
23-April-2018,68.63999939
24-April-2018,67.69999695
25-April-2018,68.05000305
26-April-2018,68.19000244
27-April-2018,68.09999847
30-April-2018,68.56999969
01-May-2018,67.25
02-May-2018,67.93000031
03-May-2018,68.43000031
04-May-2018,69.72000122
07-May-2018,70.73000336
08-May-2018,69.05999756
09-May-2018,71.13999939
10-May-2018,71.36000061
11-May-2018,70.69999695
14-May-2018,70.95999908
15-May-2018,71.30999756
16-May-2018,71.48999786
17-May-2018,71.48999786
18-May-2018,71.27999878
21-May-2018,72.23999786
22-May-2018,72.12999725
23-May-2018,71.83999634
24-May-2018,70.70999908
25-May-2018,67.87999725
29-May-2018,66.73000336
30-May-2018,68.20999908
31-May-2018,67.04000092
01-June-2018,65.80999756
04-June-2018,64.75
05-June-2018,65.51999664
06-June-2018,64.73000336
07-June-2018,65.94999695
08-June-2018,65.73999786
11-June-2018,66.09999847
12-June-2018,66.36000061
13-June-2018,66.63999939
14-June-2018,66.88999939
15-June-2018,65.05999756
18-June-2018,65.84999847
19-June-2018,65.06999969
20-June-2018,66.22000122
21-June-2018,65.54000092
22-June-2018,68.58000183
25-June-2018,68.08000183
26-June-2018,70.52999878
27-June-2018,72.76000214
28-June-2018,73.44999695
29-June-2018,74.15000153
02-July-2018,73.94000244
03-July-2018,74.13999939
05-July-2018,72.94000244
06-July-2018,73.80000305
09-July-2018,73.84999847
10-July-2018,74.11000061
11-July-2018,70.37999725
12-July-2018,70.33000183
13-July-2018,71.01000214
16-July-2018,68.05999756
17-July-2018,68.08000183
18-July-2018,68.76000214
19-July-2018,69.45999908
20-July-2018,70.45999908
23-July-2018,67.88999939
24-July-2018,68.51999664
25-July-2018,69.30000305
26-July-2018,69.61000061
27-July-2018,68.69000244
30-July-2018,70.12999725
31-July-2018,68.76000214
01-August-2018,67.66000366
02-August-2018,68.95999908
03-August-2018,68.48999786
06-August-2018,69.01000214
07-August-2018,69.16999817
08-August-2018,66.94000244
09-August-2018,66.80999756
10-August-2018,67.62999725
13-August-2018,67.19999695
14-August-2018,67.04000092
15-August-2018,65.01000214
16-August-2018,65.45999908
17-August-2018,65.91000366
20-August-2018,66.43000031
21-August-2018,67.34999847
22-August-2018,67.86000061
23-August-2018,67.83000183
24-August-2018,68.72000122
27-August-2018,68.87000275
28-August-2018,68.52999878
29-August-2018,69.51000214
30-August-2018,70.25
31-August-2018,69.80000305
04-September-2018,69.87000275
05-September-2018,68.72000122
06-September-2018,67.76999664
07-September-2018,67.75
10-September-2018,67.54000092
11-September-2018,69.25
12-September-2018,70.37000275
13-September-2018,68.58999634
14-September-2018,68.98999786
17-September-2018,68.91000366
18-September-2018,69.84999847
19-September-2018,71.12000275
20-September-2018,70.80000305
21-September-2018,70.77999878
24-September-2018,72.08000183
25-September-2018,72.27999878
26-September-2018,71.56999969
27-September-2018,72.12000275
28-September-2018,73.25
01-October-2018,75.30000305
02-October-2018,75.23000336
03-October-2018,76.41000366
04-October-2018,74.33000183
05-October-2018,74.33999634
08-October-2018,74.29000092
09-October-2018,74.95999908
10-October-2018,73.16999817
11-October-2018,70.97000122
12-October-2018,71.33999634
15-October-2018,71.77999878
16-October-2018,71.91999817
17-October-2018,69.75
18-October-2018,68.65000153
19-October-2018,69.12000275
22-October-2018,69.16999817
23-October-2018,66.43000031
24-October-2018,66.81999969
25-October-2018,67.33000183
26-October-2018,67.58999634
29-October-2018,67.04000092
30-October-2018,66.18000031
31-October-2018,65.30999756
01-November-2018,63.68999863
02-November-2018,63.13999939
05-November-2018,63.09999847
06-November-2018,62.20999908
07-November-2018,61.66999817
08-November-2018,60.66999817
09-November-2018,60.18999863
12-November-2018,59.93000031
13-November-2018,55.68999863
14-November-2018,56.25
15-November-2018,56.45999908
16-November-2018,56.45999908
19-November-2018,56.75999832
20-November-2018,53.43000031
21-November-2018,54.63000107
23-November-2018,50.41999817
26-November-2018,51.63000107
27-November-2018,51.56000137
28-November-2018,50.29000092
29-November-2018,51.45000076
30-November-2018,50.93000031
03-December-2018,52.95000076
04-December-2018,53.25
06-December-2018,51.49000168
07-December-2018,52.61000061
10-December-2018,51
11-December-2018,51.65000153
12-December-2018,51.15000153
13-December-2018,52.58000183
14-December-2018,51.20000076
17-December-2018,49.88000107
18-December-2018,46.24000168
19-December-2018,47.20000076
20-December-2018,45.88000107
21-December-2018,45.59000015
24-December-2018,42.52999878
26-December-2018,46.22000122
27-December-2018,44.61000061
28-December-2018,45.33000183
31-December-2018,45.40999985
02-January-2019,46.54000092
03-January-2019,47.09000015
04-January-2019,47.95999908
07-January-2019,48.52000046
08-January-2019,49.77999878
09-January-2019,52.36000061
10-January-2019,52.59000015
11-January-2019,51.59000015
14-January-2019,50.50999832
15-January-2019,52.11000061
16-January-2019,52.31000137
17-January-2019,52.06999969
18-January-2019,53.79999924
22-January-2019,52.56999969
23-January-2019,52.61999893
24-January-2019,53.13000107
25-January-2019,53.68999863
28-January-2019,51.99000168
29-January-2019,53.31000137
30-January-2019,54.22999954
31-January-2019,53.79000092
01-February-2019,55.25999832
04-February-2019,54.56000137
05-February-2019,53.65999985
06-February-2019,54.00999832
07-February-2019,52.63999939
08-February-2019,52.72000122
11-February-2019,52.40999985
12-February-2019,53.09999847
13-February-2019,53.90000153
14-February-2019,54.40999985
15-February-2019,55.59000015
19-February-2019,56.09000015
20-February-2019,56.91999817
21-February-2019,56.95999908
22-February-2019,57.25999832
25-February-2019,55.47999954
26-February-2019,55.5
27-February-2019,56.93999863
28-February-2019,57.22000122
01-March-2019,55.79999924
04-March-2019,56.59000015
05-March-2019,56.56000137
06-March-2019,56.22000122
07-March-2019,56.65999985
08-March-2019,56.06999969
11-March-2019,56.79000092
12-March-2019,56.86999893
13-March-2019,58.25999832
14-March-2019,58.61000061
15-March-2019,58.52000046
18-March-2019,59.09000015
19-March-2019,59.02999878
20-March-2019,59.83000183
21-March-2019,59.97999954
22-March-2019,59.04000092
25-March-2019,58.81999969
26-March-2019,59.93999863
27-March-2019,59.40999985
28-March-2019,59.29999924
29-March-2019,60.13999939
01-April-2019,61.59000015
02-April-2019,62.58000183
03-April-2019,62.45999908
04-April-2019,62.09999847
05-April-2019,63.08000183
08-April-2019,64.40000153
09-April-2019,63.97999954
10-April-2019,64.61000061
11-April-2019,63.58000183
12-April-2019,63.88999939
15-April-2019,63.40000153
16-April-2019,64.05000305
17-April-2019,63.75999832
18-April-2019,64
22-April-2019,65.69999695
23-April-2019,66.30000305
24-April-2019,65.88999939
25-April-2019,65.20999908
26-April-2019,63.29999924
29-April-2019,63.5
30-April-2019,63.90999985
01-May-2019,63.59999847
02-May-2019,61.81000137
03-May-2019,61.93999863
06-May-2019,62.25
07-May-2019,61.40000153
08-May-2019,62.11999893
09-May-2019,61.70000076
10-May-2019,61.65999985
13-May-2019,61.04000092
14-May-2019,61.77999878
15-May-2019,62.02000046
16-May-2019,62.86999893
17-May-2019,62.75999832
20-May-2019,63.09999847
21-May-2019,62.99000168
22-May-2019,61.41999817
23-May-2019,57.90999985
24-May-2019,58.63000107
28-May-2019,59.13999939
29-May-2019,58.81000137
30-May-2019,56.59000015
31-May-2019,53.5
03-June-2019,53.25
04-June-2019,53.47999954
05-June-2019,51.68000031
06-June-2019,52.59000015
07-June-2019,53.99000168
10-June-2019,53.25999832
11-June-2019,53.27000046
12-June-2019,51.13999939
13-June-2019,52.27999878
14-June-2019,52.50999832
17-June-2019,51.93000031
18-June-2019,53.90000153
19-June-2019,53.75999832
20-June-2019,56.65000153
21-June-2019,57.43000031
24-June-2019,57.90000153
25-June-2019,57.83000183
26-June-2019,59.38000107
27-June-2019,59.43000031
28-June-2019,58.47000122
01-July-2019,59.09000015
02-July-2019,56.25
03-July-2019,57.34000015
05-July-2019,57.50999832
08-July-2019,57.65999985
09-July-2019,57.83000183
10-July-2019,60.43000031
11-July-2019,60.20000076
12-July-2019,60.20999908
15-July-2019,59.58000183
16-July-2019,57.61999893
17-July-2019,56.77999878
18-July-2019,55.29999924
19-July-2019,55.63000107
22-July-2019,56.22000122
23-July-2019,56.77000046
24-July-2019,55.88000107
25-July-2019,56.02000046
26-July-2019,56.20000076
29-July-2019,56.86999893
30-July-2019,58.04999924
31-July-2019,58.58000183
01-August-2019,53.95000076
02-August-2019,55.65999985
05-August-2019,54.68999863
06-August-2019,53.63000107
07-August-2019,51.09000015
08-August-2019,52.54000092
09-August-2019,54.5
12-August-2019,54.93000031
13-August-2019,57.09999847
14-August-2019,55.22999954
15-August-2019,54.47000122
16-August-2019,54.86999893
19-August-2019,56.20999908
20-August-2019,56.34000015
21-August-2019,55.68000031
22-August-2019,55.34999847
23-August-2019,54.16999817
26-August-2019,53.63999939
27-August-2019,54.93000031
28-August-2019,55.77999878
29-August-2019,56.70999908
30-August-2019,55.09999847
03-September-2019,53.93999863
04-September-2019,56.25999832
05-September-2019,56.29999924
06-September-2019,56.52000046
09-September-2019,57.84999847
10-September-2019,57.40000153
11-September-2019,55.75
12-September-2019,55.09000015
13-September-2019,54.84999847
16-September-2019,62.90000153
17-September-2019,59.34000015
18-September-2019,58.11000061
19-September-2019,58.13000107
20-September-2019,58.09000015
23-September-2019,58.63999939
24-September-2019,57.29000092
25-September-2019,56.49000168
26-September-2019,56.40999985
27-September-2019,55.90999985
30-September-2019,54.06999969
01-October-2019,53.61999893
02-October-2019,52.63999939
03-October-2019,52.45000076
04-October-2019,52.81000137
07-October-2019,52.75
08-October-2019,52.63000107
09-October-2019,52.59000015
10-October-2019,53.54999924
11-October-2019,54.70000076
14-October-2019,53.59000015
15-October-2019,52.81000137
16-October-2019,53.36000061
17-October-2019,53.93000031
18-October-2019,53.77999878
21-October-2019,53.31000137
22-October-2019,54.15999985
23-October-2019,55.97000122
24-October-2019,56.22999954
25-October-2019,56.65999985
28-October-2019,55.81000137
29-October-2019,55.54000092
30-October-2019,55.06000137
31-October-2019,54.18000031
01-November-2019,56.20000076
04-November-2019,56.54000092
05-November-2019,57.22999954
06-November-2019,56.34999847
07-November-2019,57.15000153
08-November-2019,57.24000168
11-November-2019,56.86000061
12-November-2019,56.79999924
13-November-2019,57.11999893
14-November-2019,56.77000046
15-November-2019,57.72000122
18-November-2019,57.04999924
19-November-2019,55.20999908
20-November-2019,57.11000061
21-November-2019,58.58000183
22-November-2019,57.77000046
25-November-2019,58.00999832
26-November-2019,58.40999985
27-November-2019,58.11000061
29-November-2019,55.16999817
02-December-2019,55.95999908
03-December-2019,56.09999847
04-December-2019,58.43000031
05-December-2019,58.43000031
06-December-2019,59.20000076
09-December-2019,59.02000046
10-December-2019,59.24000168
11-December-2019,58.75999832
12-December-2019,59.18000031
13-December-2019,60.06999969
16-December-2019,60.20999908
17-December-2019,60.93999863
18-December-2019,60.93000031
19-December-2019,61.22000122
20-December-2019,60.43999863
23-December-2019,60.52000046
24-December-2019,61.11000061
26-December-2019,61.68000031
27-December-2019,61.72000122
30-December-2019,61.68000031
31-December-2019,61.06000137
02-January-2020,61.18000031
03-January-2020,63.04999924
06-January-2020,63.27000046
07-January-2020,62.70000076
08-January-2020,59.61000061
09-January-2020,59.56000137
10-January-2020,59.04000092
13-January-2020,58.08000183
14-January-2020,58.22999954
15-January-2020,57.81000137
16-January-2020,58.52000046
17-January-2020,58.54000092
21-January-2020,58.34000015
22-January-2020,56.74000168
23-January-2020,55.59000015
24-January-2020,54.18999863
27-January-2020,53.13999939
28-January-2020,53.47999954
29-January-2020,53.33000183
30-January-2020,52.13999939
31-January-2020,51.56000137
03-February-2020,50.11000061
04-February-2020,49.61000061
05-February-2020,50.75
06-February-2020,50.95000076
07-February-2020,50.31999969
10-February-2020,49.56999969
11-February-2020,49.93999863
12-February-2020,51.16999817
13-February-2020,51.41999817
14-February-2020,52.04999924
18-February-2020,52.04999924
19-February-2020,53.29000092
20-February-2020,53.77999878
21-February-2020,53.38000107
24-February-2020,51.43000031
25-February-2020,49.90000153
26-February-2020,48.72999954
27-February-2020,47.09000015
28-February-2020,44.75999832
02-March-2020,46.75
03-March-2020,47.18000031
04-March-2020,46.77999878
05-March-2020,45.90000153
06-March-2020,41.27999878
09-March-2020,31.12999916
10-March-2020,34.36000061
11-March-2020,32.97999954
12-March-2020,31.5
13-March-2020,31.72999954
16-March-2020,28.70000076
17-March-2020,26.95000076
18-March-2020,20.37000084
19-March-2020,25.21999931
20-March-2020,22.43000031
23-March-2020,23.36000061
24-March-2020,24.01000023
25-March-2020,24.48999977
26-March-2020,22.60000038
27-March-2020,21.51000023
30-March-2020,20.09000015
31-March-2020,20.47999954
01-April-2020,20.30999947
02-April-2020,25.31999969
03-April-2020,28.34000015
06-April-2020,26.07999992
07-April-2020,23.62999916
08-April-2020,25.09000015
09-April-2020,22.76000023
13-April-2020,22.40999985
14-April-2020,20.11000061
15-April-2020,19.87000084
16-April-2020,19.87000084
17-April-2020,18.27000046
20-April-2020,-37.63000107
21-April-2020,10.01000023
22-April-2020,13.77999973
23-April-2020,16.5
24-April-2020,16.94000053
27-April-2020,12.77999973
28-April-2020,12.34000015
29-April-2020,15.06000042
30-April-2020,18.84000015
01-May-2020,19.78000069
04-May-2020,20.38999939
05-May-2020,24.55999947
06-May-2020,23.98999977
07-May-2020,23.54999924
08-May-2020,24.73999977
11-May-2020,24.13999939
12-May-2020,25.78000069
13-May-2020,25.29000092
14-May-2020,27.55999947
15-May-2020,29.43000031
18-May-2020,31.81999969
19-May-2020,32.5
20-May-2020,33.49000168
21-May-2020,33.91999817
22-May-2020,33.25
26-May-2020,34.34999847
27-May-2020,32.81000137
28-May-2020,33.70999908
29-May-2020,35.49000168
01-June-2020,35.43999863
02-June-2020,36.81000137
03-June-2020,37.29000092
04-June-2020,37.40999985
05-June-2020,39.54999924
08-June-2020,38.18999863
09-June-2020,38.93999863
10-June-2020,39.59999847
11-June-2020,36.34000015
12-June-2020,36.25999832
15-June-2020,37.11999893
16-June-2020,38.38000107
17-June-2020,37.95999908
18-June-2020,38.84000015
19-June-2020,39.75
22-June-2020,40.45999908
23-June-2020,40.36999893
24-June-2020,38.00999832
25-June-2020,38.72000122
26-June-2020,38.49000168
29-June-2020,39.70000076
30-June-2020,39.27000046
01-July-2020,39.81999969
02-July-2020,40.65000153
06-July-2020,40.63000107
07-July-2020,40.61999893
08-July-2020,40.90000153
09-July-2020,39.61999893
10-July-2020,40.54999924
13-July-2020,40.09999847
14-July-2020,40.29000092
15-July-2020,41.20000076
16-July-2020,40.75
17-July-2020,40.59000015
20-July-2020,40.81000137
21-July-2020,41.95999908
22-July-2020,41.90000153
23-July-2020,41.06999969
24-July-2020,41.29000092
27-July-2020,41.59999847
28-July-2020,41.04000092
29-July-2020,41.27000046
30-July-2020,39.91999817
31-July-2020,40.27000046
03-August-2020,41.00999832
04-August-2020,41.70000076
05-August-2020,42.18999863
06-August-2020,41.95000076
07-August-2020,41.22000122
10-August-2020,41.93999863
11-August-2020,41.61000061
12-August-2020,42.66999817
13-August-2020,42.24000168
14-August-2020,42.00999832
17-August-2020,42.88999939
18-August-2020,42.88999939
19-August-2020,42.93000031
20-August-2020,42.58000183
21-August-2020,42.34000015
24-August-2020,42.61999893
25-August-2020,43.34999847
26-August-2020,43.38999939
27-August-2020,43.04000092
28-August-2020,42.97000122
31-August-2020,42.61000061
01-September-2020,42.75999832
02-September-2020,41.50999832
03-September-2020,41.36999893
04-September-2020,39.77000046
08-September-2020,36.75999832
09-September-2020,38.04999924
10-September-2020,37.29999924
11-September-2020,37.33000183
14-September-2020,37.25999832
15-September-2020,38.27999878
16-September-2020,40.15999985
17-September-2020,40.97000122
18-September-2020,41.11000061
21-September-2020,39.31000137
22-September-2020,39.59999847
23-September-2020,39.93000031
24-September-2020,40.31000137
25-September-2020,40.25
28-September-2020,40.59999847
29-September-2020,39.29000092
30-September-2020,40.22000122
01-October-2020,38.72000122
02-October-2020,37.04999924
05-October-2020,39.22000122
06-October-2020,40.66999817
07-October-2020,39.95000076
08-October-2020,41.18999863
09-October-2020,40.59999847
12-October-2020,39.43000031
13-October-2020,40.20000076
14-October-2020,41.04000092
15-October-2020,40.95999908
16-October-2020,40.88000107
19-October-2020,40.83000183
20-October-2020,41.45999908
21-October-2020,40.02999878
22-October-2020,40.63999939
23-October-2020,39.84999847
26-October-2020,38.56000137
27-October-2020,39.56999969
28-October-2020,37.38999939
29-October-2020,36.16999817
30-October-2020,35.79000092
02-November-2020,36.81000137
03-November-2020,37.65999985
04-November-2020,39.15000153
05-November-2020,38.79000092
06-November-2020,37.13999939
09-November-2020,40.29000092
10-November-2020,41.36000061
11-November-2020,41.45000076
12-November-2020,41.11999893
13-November-2020,40.13000107
16-November-2020,41.34000015
17-November-2020,41.43000031
18-November-2020,41.81999969
19-November-2020,41.74000168
20-November-2020,42.15000153
23-November-2020,43.06000137
24-November-2020,44.90999985
25-November-2020,45.70999908
27-November-2020,45.52999878
30-November-2020,45.34000015
01-December-2020,44.54999924
02-December-2020,45.27999878
03-December-2020,45.63999939
04-December-2020,46.25999832
07-December-2020,45.75999832
08-December-2020,45.59999847
09-December-2020,45.52000046
10-December-2020,46.77999878
11-December-2020,46.56999969
14-December-2020,46.99000168
15-December-2020,47.61999893
16-December-2020,47.81999969
17-December-2020,48.36000061
18-December-2020,49.09999847
21-December-2020,47.74000168
22-December-2020,47.02000046
23-December-2020,48.11999893
24-December-2020,48.22999954
28-December-2020,47.61999893
29-December-2020,48
30-December-2020,48.40000153
31-December-2020,48.52000046
04-January-2021,47.61999893
05-January-2021,49.93000031
06-January-2021,50.63000107
07-January-2021,50.83000183
08-January-2021,52.24000168
11-January-2021,52.25
12-January-2021,53.20999908
13-January-2021,52.90999985
14-January-2021,53.56999969
15-January-2021,52.36000061
19-January-2021,52.97999954
20-January-2021,53.24000168
21-January-2021,53.13000107
22-January-2021,52.27000046
25-January-2021,52.77000046
26-January-2021,52.61000061
27-January-2021,52.84999847
28-January-2021,52.34000015
29-January-2021,52.20000076
01-February-2021,53.54999924
02-February-2021,54.75999832
03-February-2021,55.68999863
04-February-2021,56.22999954
05-February-2021,56.84999847
08-February-2021,57.97000122
09-February-2021,58.36000061
10-February-2021,58.68000031
11-February-2021,58.24000168
12-February-2021,59.47000122
16-February-2021,60.04999924
17-February-2021,61.13999939
18-February-2021,60.52000046
19-February-2021,59.24000168
22-February-2021,61.49000168
23-February-2021,61.66999817
24-February-2021,63.22000122
25-February-2021,63.52999878
26-February-2021,61.5
01-March-2021,60.63999939
02-March-2021,59.75
03-March-2021,61.27999878
04-March-2021,63.83000183
05-March-2021,66.08999634
08-March-2021,65.05000305
09-March-2021,64.01000214
10-March-2021,64.44000244
11-March-2021,66.01999664
12-March-2021,65.61000061
15-March-2021,65.38999939
16-March-2021,64.80000305
17-March-2021,64.59999847
18-March-2021,60
19-March-2021,61.41999817
22-March-2021,61.54999924
23-March-2021,57.75999832
24-March-2021,61.18000031
25-March-2021,58.56000137
26-March-2021,60.97000122
29-March-2021,61.56000137
30-March-2021,60.54999924
31-March-2021,59.15999985
01-April-2021,61.45000076
05-April-2021,58.65000153
06-April-2021,59.33000183
07-April-2021,59.77000046
08-April-2021,59.59999847
09-April-2021,59.31999969
12-April-2021,59.70000076
13-April-2021,60.18000031
14-April-2021,63.15000153
15-April-2021,63.45999908
16-April-2021,63.13000107
19-April-2021,63.38000107
20-April-2021,62.43999863
21-April-2021,61.34999847
22-April-2021,61.43000031
23-April-2021,62.13999939
26-April-2021,61.90999985
27-April-2021,62.93999863
28-April-2021,63.86000061
29-April-2021,65.01000214
30-April-2021,63.58000183
03-May-2021,64.48999786
04-May-2021,65.69000244
05-May-2021,65.62999725
06-May-2021,64.70999908
07-May-2021,64.90000153
10-May-2021,64.91999817
11-May-2021,65.27999878
12-May-2021,66.08000183
13-May-2021,63.81999969
14-May-2021,65.37000275
17-May-2021,66.26999664
18-May-2021,65.48999786
19-May-2021,63.36000061
20-May-2021,62.04999924
21-May-2021,63.58000183
24-May-2021,66.05000305
25-May-2021,66.06999969
26-May-2021,66.20999908
27-May-2021,66.84999847
28-May-2021,66.31999969
01-June-2021,67.72000122
02-June-2021,68.83000183
03-June-2021,68.80999756
04-June-2021,69.62000275
07-June-2021,69.23000336
08-June-2021,70.05000305
09-June-2021,69.95999908
10-June-2021,70.29000092
11-June-2021,70.91000366
14-June-2021,70.87999725
15-June-2021,72.12000275
16-June-2021,72.15000153
17-June-2021,71.04000092
18-June-2021,71.63999939
21-June-2021,73.66000366
22-June-2021,73.05999756
23-June-2021,73.08000183
24-June-2021,73.30000305
25-June-2021,74.05000305
28-June-2021,72.91000366
29-June-2021,72.98000336
30-June-2021,73.47000122
01-July-2021,75.23000336
02-July-2021,75.16000366
06-July-2021,73.37000275
07-July-2021,72.19999695
08-July-2021,72.94000244
09-July-2021,74.55999756
12-July-2021,74.09999847
13-July-2021,75.25
14-July-2021,73.12999725
15-July-2021,71.65000153
16-July-2021,71.80999756
19-July-2021,66.41999817
20-July-2021,67.41999817
21-July-2021,70.30000305
22-July-2021,71.91000366
23-July-2021,72.06999969
26-July-2021,71.91000366
27-July-2021,71.65000153
28-July-2021,72.38999939
29-July-2021,73.62000275
30-July-2021,73.94999695
02-August-2021,71.26000214
03-August-2021,70.55999756
04-August-2021,68.15000153
05-August-2021,69.08999634
06-August-2021,68.27999878
09-August-2021,66.48000336
10-August-2021,68.29000092
11-August-2021,69.25
12-August-2021,69.08999634
13-August-2021,68.44000244
16-August-2021,67.29000092
17-August-2021,66.58999634
18-August-2021,65.45999908
19-August-2021,63.68999863
20-August-2021,62.31999969
23-August-2021,65.63999939
24-August-2021,67.54000092
25-August-2021,68.36000061
26-August-2021,67.41999817
27-August-2021,68.73999786
30-August-2021,69.20999908
31-August-2021,68.5
01-September-2021,68.58999634
02-September-2021,69.98999786
03-September-2021,69.29000092
07-September-2021,68.34999847
08-September-2021,69.30000305
09-September-2021,68.13999939
10-September-2021,69.72000122
13-September-2021,70.44999695
14-September-2021,70.45999908
15-September-2021,72.61000061
16-September-2021,72.61000061
17-September-2021,71.97000122
20-September-2021,70.29000092
21-September-2021,70.55999756
22-September-2021,72.23000336
23-September-2021,73.30000305
24-September-2021,73.98000336
27-September-2021,75.44999695
28-September-2021,75.29000092
29-September-2021,74.83000183
30-September-2021,75.02999878
01-October-2021,75.87999725
04-October-2021,77.62000275
05-October-2021,78.93000031
06-October-2021,77.43000031
07-October-2021,78.30000305
08-October-2021,79.34999847
11-October-2021,80.51999664
12-October-2021,80.63999939
13-October-2021,80.44000244
14-October-2021,81.30999756
15-October-2021,82.27999878
18-October-2021,82.44000244
19-October-2021,82.95999908
20-October-2021,83.87000275
21-October-2021,82.5
22-October-2021,83.76000214
25-October-2021,83.76000214
26-October-2021,84.65000153
27-October-2021,82.66000366
28-October-2021,82.80999756
29-October-2021,83.56999969
01-November-2021,84.05000305
02-November-2021,83.91000366
03-November-2021,80.86000061
04-November-2021,78.80999756
05-November-2021,81.26999664
08-November-2021,81.93000031
09-November-2021,84.15000153
10-November-2021,81.33999634
11-November-2021,81.58999634
12-November-2021,80.79000092
15-November-2021,80.87999725
16-November-2021,80.76000214
17-November-2021,78.36000061
18-November-2021,79.01000214
19-November-2021,76.09999847
22-November-2021,76.75
23-November-2021,78.5
24-November-2021,78.38999939
25-November-2021,78.02999878
26-November-2021,68.15000153
29-November-2021,69.94999695
30-November-2021,66.18000031
01-December-2021,65.56999969
02-December-2021,66.5
03-December-2021,66.26000214
06-December-2021,69.48999786
07-December-2021,72.05000305
08-December-2021,72.36000061
09-December-2021,70.94000244
10-December-2021,71.66999817
13-December-2021,71.29000092
14-December-2021,70.73000336
15-December-2021,70.87000275
16-December-2021,72.37999725
17-December-2021,70.86000061
20-December-2021,68.23000336
21-December-2021,71.12000275
22-December-2021,72.76000214
23-December-2021,73.79000092
27-December-2021,75.56999969
28-December-2021,75.98000336
29-December-2021,76.55999756
30-December-2021,76.98999786
31-December-2021,75.20999908
03-January-2022,76.08000183
04-January-2022,76.98999786
05-January-2022,77.84999847
06-January-2022,79.45999908
07-January-2022,78.90000153
10-January-2022,78.23000336
11-January-2022,81.22000122
12-January-2022,82.63999939
13-January-2022,82.12000275
14-January-2022,83.81999969
18-January-2022,85.43000031
19-January-2022,86.95999908
20-January-2022,86.90000153
21-January-2022,85.13999939
24-January-2022,83.30999756
25-January-2022,85.59999847
26-January-2022,87.34999847
27-January-2022,86.61000061
28-January-2022,86.81999969
31-January-2022,88.15000153
01-February-2022,88.19999695
02-February-2022,88.26000214
03-February-2022,90.26999664
04-February-2022,92.30999756
07-February-2022,91.31999969
08-February-2022,89.36000061
09-February-2022,89.66000366
10-February-2022,89.87999725
11-February-2022,93.09999847
14-February-2022,95.45999908
15-February-2022,92.06999969
16-February-2022,93.66000366
17-February-2022,91.76000214
18-February-2022,91.06999969
22-February-2022,92.34999847
23-February-2022,92.09999847
24-February-2022,92.80999756
25-February-2022,91.58999634
28-February-2022,95.72000122
01-March-2022,103.4100037
02-March-2022,110.5999985
03-March-2022,107.6699982
04-March-2022,115.6800003
07-March-2022,119.4000015
08-March-2022,123.6999969
09-March-2022,108.6999969
10-March-2022,106.0199966
11-March-2022,109.3300018
14-March-2022,103.0100021
15-March-2022,96.44000244
16-March-2022,95.04000092
17-March-2022,102.9800034
18-March-2022,104.6999969
21-March-2022,112.1200027
22-March-2022,111.7600021
23-March-2022,114.9300003
24-March-2022,112.3399963
25-March-2022,113.9000015
28-March-2022,105.9599991
29-March-2022,104.2399979
30-March-2022,107.8199997
31-March-2022,100.2799988
01-April-2022,99.26999664
04-April-2022,103.2799988
05-April-2022,101.9599991
06-April-2022,96.23000336
07-April-2022,96.02999878
08-April-2022,98.26000214
11-April-2022,94.29000092
12-April-2022,100.5999985
13-April-2022,104.25
14-April-2022,106.9499969
18-April-2022,108.2099991
19-April-2022,102.5599976
20-April-2022,102.75
21-April-2022,103.7900009
22-April-2022,102.0699997
25-April-2022,98.54000092
26-April-2022,101.6999969
27-April-2022,102.0199966
28-April-2022,105.3600006
29-April-2022,104.6900024
02-May-2022,105.1699982
03-May-2022,102.4100037
04-May-2022,107.8099976
05-May-2022,108.2600021
06-May-2022,109.7699966
09-May-2022,103.0899963
10-May-2022,99.76000214
11-May-2022,105.7099991
12-May-2022,106.1299973
13-May-2022,110.4899979
16-May-2022,114.1999969
17-May-2022,112.4000015
18-May-2022,109.5899963
19-May-2022,112.2099991
20-May-2022,113.2300034
23-May-2022,110.2900009
24-May-2022,109.7699966
25-May-2022,110.3300018
26-May-2022,114.0899963
27-May-2022,115.0699997
31-May-2022,114.6699982
01-June-2022,115.2600021
02-June-2022,116.8700027
03-June-2022,118.8700027
06-June-2022,118.5
07-June-2022,119.4100037
08-June-2022,122.1100006
09-June-2022,121.5100021
10-June-2022,120.6699982
13-June-2022,120.9300003
14-June-2022,118.9300003
15-June-2022,115.3099976
16-June-2022,117.5899963
17-June-2022,109.5599976
20-June-2022,110.2699966
21-June-2022,110.6500015
22-June-2022,106.1900024
23-June-2022,104.2699966
24-June-2022,107.6200027
27-June-2022,109.5699997
28-June-2022,111.7600021
29-June-2022,109.7799988
30-June-2022,105.7600021
01-July-2022,108.4300003
05-July-2022,99.5
06-July-2022,98.52999878
07-July-2022,102.7300034
08-July-2022,104.7900009
11-July-2022,104.0899963
12-July-2022,95.83999634
13-July-2022,96.30000305
14-July-2022,95.77999878
15-July-2022,97.58999634
18-July-2022,102.5999985
19-July-2022,104.2200012
20-July-2022,102.2600021
21-July-2022,96.34999847
22-July-2022,94.69999695
25-July-2022,96.69999695
26-July-2022,94.98000336
27-July-2022,97.26000214
28-July-2022,96.41999817
29-July-2022,98.62000275
01-August-2022,93.88999939
02-August-2022,94.41999817
03-August-2022,90.66000366
04-August-2022,88.54000092
05-August-2022,89.01000214
08-August-2022,90.76000214
09-August-2022,90.5
10-August-2022,91.93000031
11-August-2022,94.33999634
12-August-2022,92.08999634
15-August-2022,89.41000366
16-August-2022,86.52999878
17-August-2022,88.11000061
18-August-2022,90.5
19-August-2022,90.76999664
22-August-2022,90.23000336
23-August-2022,93.73999786
24-August-2022,94.88999939
25-August-2022,92.51999664
26-August-2022,93.05999756
29-August-2022,97.01000214
30-August-2022,91.63999939
31-August-2022,89.55000305
01-September-2022,86.61000061
02-September-2022,86.87000275
06-September-2022,86.87999725
07-September-2022,81.94000244
08-September-2022,83.54000092
09-September-2022,86.79000092
12-September-2022,87.77999878
13-September-2022,87.30999756
14-September-2022,88.48000336
15-September-2022,85.09999847
16-September-2022,85.11000061
19-September-2022,85.73000336
20-September-2022,84.44999695
21-September-2022,82.94000244
22-September-2022,83.48999786
23-September-2022,78.73999786
26-September-2022,76.70999908
27-September-2022,78.5
28-September-2022,82.15000153
29-September-2022,81.23000336
30-September-2022,79.48999786
03-October-2022,83.62999725
04-October-2022,86.51999664
05-October-2022,87.76000214
06-October-2022,88.44999695
07-October-2022,92.63999939
10-October-2022,91.12999725
11-October-2022,89.34999847
12-October-2022,87.26999664
13-October-2022,89.11000061
14-October-2022,85.61000061
17-October-2022,85.45999908
18-October-2022,82.81999969
19-October-2022,85.55000305
20-October-2022,85.98000336
21-October-2022,85.05000305
24-October-2022,84.58000183
25-October-2022,85.31999969
26-October-2022,87.91000366
27-October-2022,89.08000183
28-October-2022,87.90000153
31-October-2022,86.52999878
01-November-2022,88.37000275
02-November-2022,90
03-November-2022,88.16999817
04-November-2022,92.61000061
07-November-2022,91.79000092
08-November-2022,88.91000366
09-November-2022,85.83000183
10-November-2022,86.47000122
11-November-2022,88.95999908
14-November-2022,85.87000275
15-November-2022,86.91999817
16-November-2022,85.58999634
17-November-2022,81.63999939
18-November-2022,80.08000183
21-November-2022,79.73000336
22-November-2022,80.94999695
23-November-2022,77.94000244
25-November-2022,76.27999878
28-November-2022,77.23999786
29-November-2022,78.19999695
30-November-2022,80.55000305
01-December-2022,81.22000122
02-December-2022,79.98000336
05-December-2022,76.93000031
06-December-2022,74.25
07-December-2022,72.01000214
08-December-2022,71.45999908
09-December-2022,71.01999664
12-December-2022,73.16999817
13-December-2022,75.38999939
14-December-2022,77.27999878
15-December-2022,76.11000061
16-December-2022,74.29000092
19-December-2022,75.19000244
20-December-2022,76.08999634
21-December-2022,78.29000092
22-December-2022,77.48999786
23-December-2022,79.55999756
27-December-2022,79.52999878
28-December-2022,78.95999908
29-December-2022,78.40000153
30-December-2022,80.26000214
03-January-2023,76.93000031
04-January-2023,72.83999634
05-January-2023,73.66999817
06-January-2023,73.76999664
09-January-2023,74.62999725
10-January-2023,75.12000275
11-January-2023,77.41000366
12-January-2023,78.38999939
13-January-2023,79.86000061
16-January-2023,78.84999847
17-January-2023,80.18000031
18-January-2023,79.48000336
19-January-2023,80.33000183
20-January-2023,81.30999756
23-January-2023,81.62000275
24-January-2023,80.12999725
25-January-2023,80.15000153
26-January-2023,81.01000214
27-January-2023,79.68000031
30-January-2023,77.90000153
31-January-2023,78.87000275
01-February-2023,76.41000366
02-February-2023,75.87999725
03-February-2023,73.38999939
06-February-2023,74.11000061
07-February-2023,77.13999939
08-February-2023,78.47000122
09-February-2023,78.05999756
10-February-2023,79.72000122
13-February-2023,80.13999939
14-February-2023,79.05999756
15-February-2023,78.58999634
16-February-2023,78.48999786
17-February-2023,76.33999634
21-February-2023,76.16000366
22-February-2023,73.94999695
23-February-2023,75.38999939
24-February-2023,76.31999969
27-February-2023,75.68000031
28-February-2023,77.05000305
01-March-2023,77.69000244
02-March-2023,78.16000366
03-March-2023,79.68000031
06-March-2023,80.45999908
07-March-2023,77.58000183
08-March-2023,76.66000366
09-March-2023,75.72000122
10-March-2023,76.68000031
13-March-2023,74.80000305
14-March-2023,71.33000183
15-March-2023,67.61000061
16-March-2023,68.34999847
17-March-2023,66.73999786
20-March-2023,67.63999939
21-March-2023,69.33000183
22-March-2023,70.90000153
23-March-2023,69.95999908
24-March-2023,69.26000214
27-March-2023,72.80999756
28-March-2023,73.19999695
29-March-2023,72.97000122
30-March-2023,74.37000275
31-March-2023,75.66999817
03-April-2023,80.41999817
04-April-2023,80.70999908
05-April-2023,80.61000061
06-April-2023,80.69999695
10-April-2023,79.73999786
11-April-2023,81.52999878
12-April-2023,83.26000214
13-April-2023,82.16000366
14-April-2023,82.51999664
17-April-2023,80.83000183
18-April-2023,80.86000061
19-April-2023,79.16000366
20-April-2023,77.29000092
21-April-2023,77.87000275
24-April-2023,78.76000214
25-April-2023,77.06999969
26-April-2023,74.30000305
27-April-2023,74.76000214
28-April-2023,76.77999878
